arrival_date,booking_ts,stay_nights,channel,segment,origin,price_at_booking,cancelled,property_id
2022-01-01,2021-12-24T00:00:00Z,4,direct,business,DE,145.31,False,P001
2022-01-01,2021-12-30T00:00:00Z,1,direct,business,US,218.7,False,P001
2022-01-01,2021-12-22T00:00:00Z,1,direct,leisure,MX,135.55,False,P001
2022-01-01,2021-11-02T00:00:00Z,5,direct,leisure,MX,133.24,False,P001
2022-01-01,2021-11-04T00:00:00Z,1,ota,leisure,MX,163.17,False,P001
2022-01-01,2021-12-22T00:00:00Z,4,ota,business,MX,195.59,False,P001
2022-01-01,2021-12-05T00:00:00Z,2,ota,business,DE,131.39,False,P001
2022-01-01,2021-11-02T00:00:00Z,7,direct,business,CA,154.53,False,P001
2022-01-01,2021-11-05T00:00:00Z,2,ota,leisure,MX,174.79,False,P001
2022-01-01,2021-12-24T00:00:00Z,2,ota,business,DE,141.56,False,P001
2022-01-01,2021-12-02T00:00:00Z,2,ota,leisure,MX,99.43,False,P001
2022-01-01,2021-12-27T00:00:00Z,5,direct,business,GB,173.62,False,P001
2022-01-01,2021-12-18T00:00:00Z,2,ota,leisure,MX,152.28,False,P001
2022-01-01,2021-11-02T00:00:00Z,2,direct,leisure,GB,128.83,False,P001
2022-01-01,2021-12-24T00:00:00Z,1,direct,leisure,GB,186.39,False,P001
2022-01-01,2021-12-27T00:00:00Z,1,ota,business,GB,154.04,False,P001
2022-01-01,2021-11-29T00:00:00Z,1,ota,leisure,CA,196.92,False,P001
2022-01-02,2021-12-05T00:00:00Z,4,direct,business,US,151.91,False,P001
2022-01-02,2021-11-09T00:00:00Z,5,ota,business,CA,171.07,True,P001
2022-01-02,2021-12-23T00:00:00Z,1,direct,business,CA,145.23,False,P001
2022-01-02,2021-11-29T00:00:00Z,3,direct,leisure,DE,199.7,False,P001
2022-01-02,2021-11-23T00:00:00Z,3,ota,business,GB,163.59,False,P001
2022-01-02,2021-12-30T00:00:00Z,4,direct,business,GB,190.83,False,P001
2022-01-02,2021-11-30T00:00:00Z,1,ota,business,CA,133.4,False,P001
2022-01-02,2021-12-24T00:00:00Z,5,ota,business,GB,155.97,False,P001
2022-01-02,2021-12-29T00:00:00Z,1,ota,business,US,160.25,False,P001
2022-01-02,2021-12-25T00:00:00Z,1,direct,leisure,DE,145.92,False,P001
2022-01-02,2021-12-10T00:00:00Z,5,direct,leisure,DE,133.25,False,P001
2022-01-02,2021-12-22T00:00:00Z,1,direct,leisure,MX,136.0,False,P001
2022-01-03,2021-12-25T00:00:00Z,6,direct,business,CA,153.26,False,P001
2022-01-03,2021-12-27T00:00:00Z,3,direct,leisure,MX,147.13,False,P001
2022-01-03,2021-12-12T00:00:00Z,3,direct,business,DE,156.77,False,P001
2022-01-03,2021-12-31T00:00:00Z,1,ota,business,DE,168.26,False,P001
2022-01-03,2021-12-24T00:00:00Z,1,ota,business,US,169.41,False,P001
2022-01-03,2021-12-11T00:00:00Z,1,direct,business,CA,89.07,False,P001
2022-01-03,2022-01-01T00:00:00Z,1,ota,business,GB,155.22,False,P001
2022-01-03,2021-12-06T00:00:00Z,7,ota,leisure,DE,210.83,False,P001
2022-01-04,2021-12-18T00:00:00Z,2,direct,leisure,MX,109.31,False,P001
2022-01-04,2021-11-29T00:00:00Z,2,direct,business,MX,51.05,False,P001
2022-01-04,2021-11-27T00:00:00Z,1,direct,leisure,DE,97.32,False,P001
2022-01-04,2021-12-30T00:00:00Z,3,direct,leisure,CA,106.8,False,P001
2022-01-04,2021-12-31T00:00:00Z,2,direct,leisure,MX,106.93,False,P001
2022-01-04,2021-12-22T00:00:00Z,5,direct,leisure,GB,165.89,False,P001
2022-01-04,2021-12-09T00:00:00Z,7,direct,leisure,GB,177.56,True,P001
2022-01-05,2021-12-31T00:00:00Z,1,direct,leisure,GB,116.93,False,P001
2022-01-05,2021-12-16T00:00:00Z,3,ota,business,DE,156.77,False,P001
2022-01-05,2021-12-30T00:00:00Z,2,ota,business,MX,161.44,False,P001
2022-01-05,2021-12-09T00:00:00Z,2,direct,leisure,CA,165.69,False,P001
2022-01-05,2021-12-26T00:00:00Z,4,ota,business,MX,149.5,False,P001
2022-01-05,2021-12-11T00:00:00Z,7,ota,business,DE,188.2,False,P001
2022-01-05,2022-01-02T00:00:00Z,3,ota,business,DE,155.02,False,P001
2022-01-05,2022-01-01T00:00:00Z,3,direct,business,MX,179.1,False,P001
2022-01-05,2021-12-20T00:00:00Z,3,direct,business,CA,80.25,False,P001
2022-01-05,2022-01-01T00:00:00Z,3,ota,business,CA,172.68,False,P001
2022-01-05,2021-12-22T00:00:00Z,3,direct,business,MX,130.83,False,P001
2022-01-05,2021-12-30T00:00:00Z,3,ota,business,GB,102.39,False,P001
2022-01-05,2021-12-20T00:00:00Z,6,ota,business,MX,166.06,False,P001
2022-01-05,2021-12-29T00:00:00Z,4,ota,leisure,US,104.29,False,P001
2022-01-05,2021-12-01T00:00:00Z,2,ota,business,CA,122.2,False,P001
2022-01-05,2022-01-02T00:00:00Z,7,ota,business,CA,157.33,True,P001
2022-01-06,2022-01-01T00:00:00Z,1,ota,leisure,GB,124.26,False,P001
2022-01-06,2021-12-25T00:00:00Z,2,direct,leisure,MX,222.63,False,P001
2022-01-06,2021-11-11T00:00:00Z,5,ota,leisure,GB,179.37,False,P001
2022-01-06,2021-11-20T00:00:00Z,1,ota,business,CA,168.77,False,P001
2022-01-06,2021-12-14T00:00:00Z,3,direct,leisure,CA,138.82,False,P001
2022-01-06,2021-12-14T00:00:00Z,5,direct,leisure,GB,151.36,True,P001
2022-01-06,2021-12-26T00:00:00Z,1,ota,leisure,US,149.77,False,P001
2022-01-06,2021-11-07T00:00:00Z,1,direct,business,GB,187.33,True,P001
2022-01-06,2021-12-09T00:00:00Z,7,ota,leisure,MX,93.92,False,P001
2022-01-06,2021-11-17T00:00:00Z,4,direct,leisure,GB,125.87,False,P001
2022-01-06,2022-01-01T00:00:00Z,2,ota,business,MX,151.75,False,P001
2022-01-06,2021-12-30T00:00:00Z,4,ota,leisure,GB,155.39,False,P001
2022-01-06,2021-12-27T00:00:00Z,3,ota,business,US,130.94,False,P001
2022-01-06,2021-12-25T00:00:00Z,2,direct,business,DE,141.33,False,P001
2022-01-06,2021-12-20T00:00:00Z,3,ota,leisure,CA,128.52,False,P001
2022-01-07,2021-11-19T00:00:00Z,5,ota,business,MX,139.19,False,P001
2022-01-07,2021-11-08T00:00:00Z,5,direct,business,MX,144.57,False,P001
2022-01-07,2022-01-02T00:00:00Z,2,direct,business,US,141.94,False,P001
2022-01-07,2021-12-25T00:00:00Z,3,direct,business,GB,182.67,False,P001
2022-01-07,2021-12-25T00:00:00Z,1,ota,business,MX,128.49,True,P001
2022-01-07,2021-12-15T00:00:00Z,3,direct,leisure,GB,164.74,False,P001
2022-01-07,2021-12-07T00:00:00Z,1,direct,business,US,123.19,False,P001
2022-01-07,2021-11-08T00:00:00Z,1,direct,leisure,DE,143.57,False,P001
2022-01-07,2021-12-05T00:00:00Z,7,ota,business,MX,194.0,False,P001
2022-01-07,2021-12-19T00:00:00Z,4,direct,leisure,US,108.07,False,P001
2022-01-07,2021-12-26T00:00:00Z,2,ota,leisure,DE,124.91,False,P001
2022-01-07,2021-11-08T00:00:00Z,3,direct,business,DE,107.32,False,P001
2022-01-08,2021-11-26T00:00:00Z,3,direct,leisure,CA,136.3,False,P001
2022-01-08,2022-01-04T00:00:00Z,3,ota,business,DE,130.02,False,P001
2022-01-08,2021-12-26T00:00:00Z,2,ota,leisure,US,133.32,True,P001
2022-01-08,2021-11-20T00:00:00Z,1,ota,leisure,CA,111.61,False,P001
2022-01-08,2021-12-02T00:00:00Z,5,ota,business,GB,159.54,False,P001
2022-01-08,2021-11-29T00:00:00Z,5,ota,business,CA,195.85,False,P001
2022-01-08,2021-12-05T00:00:00Z,7,direct,business,DE,88.59,False,P001
2022-01-08,2021-12-20T00:00:00Z,9,ota,leisure,GB,133.29,False,P001
2022-01-08,2021-12-30T00:00:00Z,6,direct,leisure,DE,131.34,False,P001
2022-01-08,2021-12-08T00:00:00Z,4,direct,leisure,CA,143.09,False,P001
2022-01-08,2021-12-27T00:00:00Z,3,ota,leisure,US,140.81,False,P001
2022-01-08,2022-01-03T00:00:00Z,5,ota,business,CA,166.58,False,P001
2022-01-08,2022-01-04T00:00:00Z,2,ota,business,DE,176.42,False,P001
2022-01-08,2022-01-04T00:00:00Z,1,ota,business,DE,143.24,True,P001
2022-01-08,2021-12-28T00:00:00Z,1,direct,leisure,DE,156.87,False,P001
2022-01-08,2021-12-10T00:00:00Z,5,ota,business,CA,135.57,False,P001
2022-01-09,2022-01-07T00:00:00Z,4,ota,leisure,MX,182.6,False,P001
2022-01-09,2021-12-07T00:00:00Z,7,direct,leisure,GB,155.45,False,P001
2022-01-09,2021-12-30T00:00:00Z,5,direct,business,GB,216.4,False,P001
2022-01-09,2021-11-15T00:00:00Z,4,direct,business,DE,112.1,False,P001
2022-01-09,2022-01-05T00:00:00Z,1,direct,leisure,MX,163.68,False,P001
2022-01-09,2021-12-17T00:00:00Z,2,direct,leisure,CA,155.74,False,P001
2022-01-09,2021-12-10T00:00:00Z,6,ota,business,US,123.43,False,P001
2022-01-10,2021-12-20T00:00:00Z,1,direct,business,MX,123.29,False,P001
2022-01-10,2021-12-10T00:00:00Z,3,ota,leisure,MX,84.05,False,P001
2022-01-10,2021-12-29T00:00:00Z,2,direct,leisure,US,87.23,False,P001
2022-01-10,2022-01-02T00:00:00Z,3,ota,business,MX,204.51,False,P001
2022-01-10,2022-01-04T00:00:00Z,1,direct,leisure,US,103.65,False,P001
2022-01-10,2021-12-31T00:00:00Z,3,ota,leisure,GB,190.2,False,P001
2022-01-10,2021-11-11T00:00:00Z,2,direct,leisure,US,164.21,False,P001
2022-01-10,2021-12-24T00:00:00Z,1,ota,leisure,CA,176.36,False,P001
2022-01-10,2021-11-15T00:00:00Z,2,direct,leisure,CA,160.6,False,P001
2022-01-10,2021-12-30T00:00:00Z,2,direct,leisure,DE,148.06,True,P001
2022-01-10,2021-12-20T00:00:00Z,3,direct,leisure,GB,125.03,False,P001
2022-01-10,2022-01-06T00:00:00Z,3,direct,business,DE,156.71,False,P001
2022-01-10,2021-11-21T00:00:00Z,4,direct,business,MX,143.61,False,P001
2022-01-11,2022-01-06T00:00:00Z,8,direct,business,CA,141.3,False,P001
2022-01-11,2022-01-07T00:00:00Z,1,ota,business,MX,199.28,False,P001
2022-01-11,2022-01-09T00:00:00Z,1,direct,business,CA,175.19,False,P001
2022-01-11,2021-12-13T00:00:00Z,5,ota,business,MX,119.8,True,P001
2022-01-11,2022-01-06T00:00:00Z,1,direct,business,CA,165.53,False,P001
2022-01-11,2022-01-01T00:00:00Z,2,ota,leisure,DE,204.6,False,P001
2022-01-11,2022-01-01T00:00:00Z,1,direct,business,GB,165.48,False,P001
2022-01-11,2022-01-01T00:00:00Z,3,ota,business,DE,118.18,False,P001
2022-01-11,2021-12-25T00:00:00Z,5,direct,business,MX,115.27,False,P001
2022-01-11,2021-12-28T00:00:00Z,3,ota,leisure,CA,112.54,False,P001
2022-01-11,2021-12-19T00:00:00Z,3,direct,business,GB,136.17,False,P001
2022-01-11,2021-12-25T00:00:00Z,1,ota,leisure,MX,136.11,False,P001
2022-01-11,2022-01-04T00:00:00Z,3,ota,leisure,DE,78.34,False,P001
2022-01-11,2022-01-05T00:00:00Z,2,ota,business,MX,114.05,False,P001
2022-01-11,2022-01-01T00:00:00Z,5,direct,leisure,US,138.09,False,P001
2022-01-11,2022-01-06T00:00:00Z,1,direct,leisure,CA,117.06,False,P001
2022-01-11,2022-01-09T00:00:00Z,4,ota,leisure,US,144.37,False,P001
2022-01-11,2021-11-27T00:00:00Z,6,direct,leisure,MX,186.06,False,P001
2022-01-11,2021-12-17T00:00:00Z,2,direct,leisure,US,101.9,False,P001
2022-01-11,2022-01-02T00:00:00Z,1,direct,business,MX,154.51,False,P001
2022-01-12,2022-01-10T00:00:00Z,2,direct,leisure,US,158.61,False,P001
2022-01-12,2022-01-06T00:00:00Z,2,ota,leisure,MX,154.13,False,P001
2022-01-12,2022-01-08T00:00:00Z,4,ota,business,CA,128.94,False,P001
2022-01-12,2022-01-04T00:00:00Z,2,ota,leisure,DE,130.59,True,P001
2022-01-12,2021-11-13T00:00:00Z,1,ota,business,DE,165.81,False,P001
2022-01-12,2022-01-04T00:00:00Z,2,ota,business,MX,137.3,False,P001
2022-01-12,2021-12-22T00:00:00Z,2,direct,leisure,MX,141.85,False,P001
2022-01-12,2021-11-30T00:00:00Z,5,ota,business,GB,166.36,False,P001
2022-01-12,2021-12-20T00:00:00Z,5,direct,leisure,GB,124.29,False,P001
2022-01-12,2021-12-17T00:00:00Z,1,direct,business,US,161.92,False,P001
2022-01-12,2022-01-06T00:00:00Z,6,ota,business,MX,98.52,False,P001
2022-01-12,2021-12-03T00:00:00Z,1,ota,business,CA,155.72,False,P001
2022-01-12,2021-12-15T00:00:00Z,4,ota,business,DE,148.14,False,P001
2022-01-12,2021-11-19T00:00:00Z,2,ota,leisure,DE,149.43,False,P001
2022-01-12,2021-12-28T00:00:00Z,1,direct,business,DE,138.28,False,P001
2022-01-12,2021-12-22T00:00:00Z,3,direct,business,CA,160.35,False,P001
2022-01-12,2022-01-10T00:00:00Z,4,ota,leisure,US,99.38,False,P001
2022-01-13,2022-01-02T00:00:00Z,4,direct,leisure,US,112.53,False,P001
2022-01-13,2022-01-06T00:00:00Z,1,ota,leisure,DE,129.58,False,P001
2022-01-13,2022-01-01T00:00:00Z,2,ota,leisure,CA,152.67,False,P001
2022-01-13,2021-12-11T00:00:00Z,5,direct,business,US,203.33,True,P001
2022-01-13,2021-12-18T00:00:00Z,5,ota,leisure,US,162.8,False,P001
2022-01-13,2022-01-06T00:00:00Z,6,ota,leisure,CA,137.5,True,P001
2022-01-13,2022-01-11T00:00:00Z,2,ota,business,US,132.5,False,P001
2022-01-13,2021-12-21T00:00:00Z,1,direct,business,US,163.93,True,P001
2022-01-13,2022-01-06T00:00:00Z,2,direct,leisure,CA,213.88,False,P001
2022-01-13,2022-01-09T00:00:00Z,1,ota,business,US,198.6,False,P001
2022-01-13,2021-12-25T00:00:00Z,4,direct,leisure,US,95.1,False,P001
2022-01-13,2021-12-20T00:00:00Z,5,direct,business,CA,170.98,False,P001
2022-01-14,2021-12-16T00:00:00Z,4,direct,business,DE,184.02,False,P001
2022-01-14,2021-12-29T00:00:00Z,2,direct,business,CA,132.6,False,P001
2022-01-14,2022-01-11T00:00:00Z,1,ota,business,GB,135.95,False,P001
2022-01-14,2021-12-30T00:00:00Z,7,direct,business,US,156.54,False,P001
2022-01-14,2021-11-29T00:00:00Z,2,direct,leisure,GB,130.73,True,P001
2022-01-14,2021-12-07T00:00:00Z,2,direct,business,GB,126.33,False,P001
2022-01-14,2022-01-08T00:00:00Z,3,ota,business,GB,184.99,False,P001
2022-01-14,2021-12-04T00:00:00Z,3,ota,leisure,MX,147.75,False,P001
2022-01-14,2022-01-09T00:00:00Z,3,ota,leisure,DE,160.85,False,P001
2022-01-15,2022-01-05T00:00:00Z,3,ota,business,DE,116.35,False,P001
2022-01-15,2022-01-12T00:00:00Z,5,direct,business,GB,179.67,False,P001
2022-01-15,2022-01-09T00:00:00Z,1,direct,leisure,MX,109.32,False,P001
2022-01-15,2021-12-16T00:00:00Z,2,ota,leisure,CA,159.55,False,P001
2022-01-15,2022-01-04T00:00:00Z,1,ota,business,CA,167.5,False,P001
2022-01-15,2021-11-19T00:00:00Z,6,direct,business,US,104.21,False,P001
2022-01-15,2021-12-30T00:00:00Z,1,direct,business,DE,155.52,False,P001
2022-01-15,2021-12-26T00:00:00Z,1,direct,business,CA,190.56,False,P001
2022-01-15,2021-12-23T00:00:00Z,2,direct,leisure,DE,153.68,True,P001
2022-01-15,2021-12-30T00:00:00Z,5,ota,leisure,GB,147.42,False,P001
2022-01-15,2022-01-07T00:00:00Z,2,direct,business,CA,128.87,False,P001
2022-01-15,2022-01-07T00:00:00Z,2,direct,leisure,GB,146.62,False,P001
2022-01-15,2022-01-08T00:00:00Z,1,ota,leisure,GB,153.05,False,P001
2022-01-15,2022-01-07T00:00:00Z,4,direct,business,US,107.41,False,P001
2022-01-15,2021-12-30T00:00:00Z,5,ota,leisure,MX,163.28,False,P001
2022-01-15,2021-11-16T00:00:00Z,4,direct,business,MX,158.17,False,P001
2022-01-15,2022-01-01T00:00:00Z,4,direct,leisure,CA,183.5,False,P001
2022-01-15,2022-01-04T00:00:00Z,3,ota,leisure,MX,98.78,True,P001
2022-01-15,2022-01-06T00:00:00Z,2,ota,leisure,US,143.47,False,P001
2022-01-15,2022-01-11T00:00:00Z,2,direct,business,US,120.37,False,P001
2022-01-16,2022-01-06T00:00:00Z,1,ota,business,DE,120.37,False,P001
2022-01-16,2022-01-01T00:00:00Z,2,direct,business,CA,159.04,False,P001
2022-01-16,2021-12-28T00:00:00Z,3,ota,leisure,CA,157.68,False,P001
2022-01-16,2022-01-08T00:00:00Z,4,direct,leisure,MX,135.5,False,P001
2022-01-16,2021-12-23T00:00:00Z,3,direct,leisure,US,205.84,False,P001
2022-01-16,2021-12-27T00:00:00Z,5,ota,leisure,DE,192.71,False,P001
2022-01-16,2021-11-17T00:00:00Z,2,direct,leisure,MX,145.5,False,P001
2022-01-16,2021-12-22T00:00:00Z,1,direct,business,GB,122.71,False,P001
2022-01-16,2022-01-02T00:00:00Z,2,direct,leisure,GB,195.16,False,P001
2022-01-16,2021-12-31T00:00:00Z,3,ota,leisure,CA,164.42,False,P001
2022-01-16,2022-01-15T00:00:00Z,2,direct,business,US,168.93,False,P001
2022-01-16,2022-01-09T00:00:00Z,1,direct,business,US,163.34,False,P001
2022-01-17,2022-01-11T00:00:00Z,3,ota,leisure,GB,123.27,False,P001
2022-01-17,2022-01-05T00:00:00Z,1,ota,business,CA,132.35,False,P001
2022-01-17,2021-12-22T00:00:00Z,3,ota,leisure,MX,167.73,False,P001
2022-01-17,2021-12-26T00:00:00Z,1,direct,business,DE,174.0,True,P001
2022-01-17,2021-11-18T00:00:00Z,1,ota,leisure,CA,153.94,False,P001
2022-01-17,2021-12-22T00:00:00Z,1,ota,business,MX,164.81,False,P001
2022-01-17,2022-01-01T00:00:00Z,5,direct,business,GB,135.83,False,P001
2022-01-17,2021-11-18T00:00:00Z,2,direct,business,US,193.62,False,P001
2022-01-17,2022-01-03T00:00:00Z,2,direct,business,DE,226.48,False,P001
2022-01-17,2022-01-14T00:00:00Z,4,ota,leisure,GB,152.6,False,P001
2022-01-17,2021-12-18T00:00:00Z,2,ota,leisure,DE,205.35,False,P001
2022-01-17,2021-11-18T00:00:00Z,2,ota,business,MX,69.46,False,P001
2022-01-18,2022-01-11T00:00:00Z,2,direct,business,US,136.06,False,P001
2022-01-18,2022-01-13T00:00:00Z,4,ota,business,MX,143.12,True,P001
2022-01-18,2021-12-12T00:00:00Z,1,ota,leisure,DE,186.92,False,P001
2022-01-18,2022-01-08T00:00:00Z,2,direct,leisure,MX,160.8,False,P001
2022-01-18,2021-12-04T00:00:00Z,6,direct,leisure,CA,155.24,False,P001
2022-01-18,2022-01-12T00:00:00Z,5,direct,business,CA,150.97,True,P001
2022-01-18,2022-01-08T00:00:00Z,3,ota,leisure,GB,132.88,False,P001
2022-01-18,2021-11-19T00:00:00Z,1,direct,leisure,US,211.32,False,P001
2022-01-18,2022-01-12T00:00:00Z,3,ota,business,MX,166.94,False,P001
2022-01-18,2021-12-21T00:00:00Z,4,direct,leisure,CA,119.38,False,P001
2022-01-18,2022-01-05T00:00:00Z,2,ota,business,MX,135.19,False,P001
2022-01-18,2022-01-11T00:00:00Z,6,direct,leisure,CA,146.38,False,P001
2022-01-18,2021-12-26T00:00:00Z,3,direct,business,MX,142.67,True,P001
2022-01-19,2022-01-13T00:00:00Z,3,ota,leisure,MX,157.99,True,P001
2022-01-19,2021-12-31T00:00:00Z,5,ota,leisure,MX,137.93,False,P001
2022-01-19,2021-12-06T00:00:00Z,2,ota,business,DE,94.31,False,P001
2022-01-19,2022-01-13T00:00:00Z,2,direct,business,MX,204.51,False,P001
2022-01-19,2022-01-06T00:00:00Z,3,ota,business,MX,146.27,False,P001
2022-01-19,2022-01-14T00:00:00Z,3,ota,business,MX,142.54,False,P001
2022-01-19,2022-01-16T00:00:00Z,4,direct,leisure,US,163.69,False,P001
2022-01-19,2022-01-07T00:00:00Z,1,direct,leisure,GB,143.23,False,P001
2022-01-19,2022-01-10T00:00:00Z,1,ota,leisure,US,77.42,False,P001
2022-01-19,2022-01-11T00:00:00Z,7,direct,leisure,DE,113.33,False,P001
2022-01-19,2021-11-20T00:00:00Z,2,direct,business,US,75.61,True,P001
2022-01-19,2022-01-16T00:00:00Z,4,direct,business,US,134.21,False,P001
2022-01-19,2021-12-09T00:00:00Z,2,direct,leisure,DE,150.71,False,P001
2022-01-19,2021-12-10T00:00:00Z,2,ota,business,DE,192.03,False,P001
2022-01-19,2021-12-08T00:00:00Z,1,ota,business,DE,213.19,False,P001
2022-01-19,2022-01-10T00:00:00Z,5,direct,business,GB,163.53,False,P001
2022-01-19,2022-01-10T00:00:00Z,1,direct,leisure,GB,195.14,False,P001
2022-01-19,2021-12-19T00:00:00Z,4,ota,leisure,GB,174.33,True,P001
2022-01-20,2021-12-20T00:00:00Z,5,direct,business,MX,125.27,False,P001
2022-01-20,2022-01-05T00:00:00Z,7,direct,business,CA,157.21,False,P001
2022-01-20,2021-12-29T00:00:00Z,9,ota,leisure,CA,130.58,False,P001
2022-01-20,2022-01-09T00:00:00Z,5,ota,business,CA,152.08,True,P001
2022-01-20,2022-01-07T00:00:00Z,1,ota,leisure,US,128.08,False,P001
2022-01-20,2021-12-12T00:00:00Z,3,ota,leisure,GB,180.33,True,P001
2022-01-20,2022-01-10T00:00:00Z,1,direct,business,GB,207.34,False,P001
2022-01-20,2022-01-17T00:00:00Z,1,ota,business,CA,185.04,False,P001
2022-01-20,2022-01-14T00:00:00Z,5,direct,leisure,CA,114.04,False,P001
2022-01-20,2022-01-09T00:00:00Z,1,direct,business,US,163.2,False,P001
2022-01-20,2022-01-10T00:00:00Z,2,direct,business,MX,187.83,False,P001
2022-01-20,2021-12-30T00:00:00Z,1,direct,leisure,DE,136.06,False,P001
2022-01-20,2022-01-07T00:00:00Z,3,ota,leisure,US,115.36,False,P001
2022-01-20,2022-01-13T00:00:00Z,1,ota,leisure,GB,178.56,False,P001
2022-01-20,2021-12-24T00:00:00Z,3,direct,business,DE,95.98,False,P001
2022-01-20,2021-12-15T00:00:00Z,2,direct,leisure,MX,189.49,False,P001
2022-01-21,2022-01-13T00:00:00Z,1,direct,leisure,US,124.58,True,P001
2022-01-21,2022-01-16T00:00:00Z,5,direct,business,CA,143.31,False,P001
2022-01-21,2022-01-18T00:00:00Z,2,ota,leisure,GB,159.46,False,P001
2022-01-21,2021-11-22T00:00:00Z,1,ota,business,MX,138.6,False,P001
2022-01-21,2021-12-31T00:00:00Z,3,ota,leisure,CA,129.06,True,P001
2022-01-21,2021-11-22T00:00:00Z,2,direct,business,MX,118.79,False,P001
2022-01-21,2021-12-06T00:00:00Z,6,ota,business,GB,180.06,False,P001
2022-01-21,2021-12-27T00:00:00Z,7,ota,business,US,173.69,False,P001
2022-01-21,2021-11-22T00:00:00Z,5,ota,leisure,US,197.08,False,P001
2022-01-21,2022-01-15T00:00:00Z,2,ota,leisure,GB,131.64,False,P001
2022-01-21,2022-01-08T00:00:00Z,3,direct,business,DE,115.9,False,P001
2022-01-21,2022-01-15T00:00:00Z,2,direct,leisure,US,99.42,False,P001
2022-01-21,2022-01-15T00:00:00Z,1,direct,business,MX,145.7,True,P001
2022-01-21,2021-12-24T00:00:00Z,1,direct,leisure,GB,152.04,False,P001
2022-01-21,2021-11-22T00:00:00Z,1,direct,leisure,DE,173.77,False,P001
2022-01-21,2021-12-14T00:00:00Z,1,ota,leisure,DE,196.63,False,P001
2022-01-21,2022-01-15T00:00:00Z,4,direct,business,GB,154.5,False,P001
2022-01-22,2021-12-31T00:00:00Z,3,ota,leisure,CA,179.13,False,P001
2022-01-22,2021-12-07T00:00:00Z,1,direct,leisure,DE,115.87,False,P001
2022-01-22,2022-01-02T00:00:00Z,3,direct,leisure,GB,133.76,False,P001
2022-01-22,2022-01-15T00:00:00Z,5,direct,business,CA,154.97,False,P001
2022-01-22,2022-01-15T00:00:00Z,3,direct,business,US,122.54,False,P001
2022-01-22,2022-01-16T00:00:00Z,1,ota,business,CA,193.1,False,P001
2022-01-22,2022-01-19T00:00:00Z,3,ota,business,GB,129.77,False,P001
2022-01-22,2022-01-19T00:00:00Z,2,direct,leisure,MX,148.05,False,P001
2022-01-22,2022-01-05T00:00:00Z,2,direct,leisure,US,137.79,False,P001
2022-01-22,2022-01-14T00:00:00Z,2,ota,leisure,MX,93.69,False,P001
2022-01-22,2022-01-11T00:00:00Z,2,ota,business,US,206.55,False,P001
2022-01-23,2022-01-15T00:00:00Z,3,ota,leisure,US,137.18,False,P001
2022-01-23,2022-01-05T00:00:00Z,5,ota,leisure,CA,113.98,True,P001
2022-01-23,2021-11-30T00:00:00Z,5,direct,business,US,129.19,False,P001
2022-01-23,2022-01-17T00:00:00Z,3,ota,leisure,CA,126.1,False,P001
2022-01-23,2021-12-08T00:00:00Z,5,ota,leisure,DE,142.57,False,P001
2022-01-23,2021-12-31T00:00:00Z,3,direct,leisure,GB,195.98,False,P001
2022-01-23,2021-12-19T00:00:00Z,1,direct,business,MX,204.7,False,P001
2022-01-23,2021-11-24T00:00:00Z,4,ota,leisure,GB,157.09,False,P001
2022-01-23,2022-01-17T00:00:00Z,2,direct,leisure,MX,135.45,False,P001
2022-01-23,2022-01-02T00:00:00Z,4,ota,business,CA,141.52,False,P001
2022-01-23,2022-01-10T00:00:00Z,6,direct,leisure,CA,186.44,False,P001
2022-01-23,2022-01-14T00:00:00Z,1,ota,business,MX,153.85,True,P001
2022-01-24,2022-01-14T00:00:00Z,3,direct,business,CA,157.72,False,P001
2022-01-24,2022-01-05T00:00:00Z,6,ota,business,CA,162.3,False,P001
2022-01-24,2021-12-04T00:00:00Z,2,direct,business,US,140.46,False,P001
2022-01-24,2021-11-27T00:00:00Z,5,direct,leisure,GB,171.32,False,P001
2022-01-24,2022-01-13T00:00:00Z,1,ota,business,GB,139.39,False,P001
2022-01-24,2021-11-25T00:00:00Z,2,ota,leisure,US,167.77,False,P001
2022-01-24,2021-12-29T00:00:00Z,4,direct,business,US,154.49,False,P001
2022-01-24,2022-01-01T00:00:00Z,1,direct,leisure,MX,150.12,False,P001
2022-01-24,2022-01-06T00:00:00Z,2,direct,business,MX,133.73,False,P001
2022-01-24,2022-01-06T00:00:00Z,4,direct,leisure,DE,146.69,False,P001
2022-01-24,2021-12-27T00:00:00Z,1,ota,business,DE,199.05,False,P001
2022-01-24,2021-12-27T00:00:00Z,3,ota,business,US,179.94,True,P001
2022-01-24,2022-01-01T00:00:00Z,2,direct,leisure,CA,109.65,True,P001
2022-01-24,2022-01-18T00:00:00Z,4,direct,leisure,MX,195.39,False,P001
2022-01-25,2022-01-20T00:00:00Z,1,ota,business,GB,155.01,False,P001
2022-01-25,2022-01-22T00:00:00Z,2,ota,business,MX,147.08,False,P001
2022-01-25,2022-01-20T00:00:00Z,6,direct,business,DE,166.22,False,P001
2022-01-25,2021-11-26T00:00:00Z,1,ota,leisure,CA,111.93,True,P001
2022-01-25,2021-12-22T00:00:00Z,3,direct,leisure,GB,141.69,False,P001
2022-01-25,2021-11-30T00:00:00Z,2,ota,business,GB,142.06,False,P001
2022-01-25,2021-12-13T00:00:00Z,1,ota,business,CA,126.33,False,P001
2022-01-25,2022-01-13T00:00:00Z,2,direct,business,US,125.34,True,P001
2022-01-25,2021-12-23T00:00:00Z,5,ota,leisure,GB,111.6,True,P001
2022-01-25,2021-12-08T00:00:00Z,2,ota,business,DE,142.95,False,P001
2022-01-25,2022-01-15T00:00:00Z,1,direct,leisure,CA,188.04,False,P001
2022-01-25,2021-12-20T00:00:00Z,1,direct,leisure,MX,139.35,False,P001
2022-01-25,2022-01-23T00:00:00Z,4,direct,leisure,US,163.43,True,P001
2022-01-25,2021-12-05T00:00:00Z,6,direct,business,US,154.33,False,P001
2022-01-25,2021-11-26T00:00:00Z,3,ota,leisure,MX,205.22,True,P001
2022-01-25,2022-01-19T00:00:00Z,2,direct,business,MX,91.02,False,P001
2022-01-25,2021-11-26T00:00:00Z,1,direct,leisure,CA,147.33,False,P001
2022-01-26,2022-01-22T00:00:00Z,3,ota,business,US,173.79,False,P001
2022-01-26,2021-12-21T00:00:00Z,5,direct,leisure,US,160.25,False,P001
2022-01-26,2021-12-21T00:00:00Z,4,ota,business,DE,141.79,False,P001
2022-01-26,2022-01-12T00:00:00Z,4,ota,business,US,152.53,False,P001
2022-01-26,2022-01-17T00:00:00Z,3,direct,business,MX,152.08,False,P001
2022-01-26,2022-01-22T00:00:00Z,5,ota,business,CA,163.98,False,P001
2022-01-26,2022-01-22T00:00:00Z,3,ota,leisure,GB,151.18,False,P001
2022-01-26,2021-11-27T00:00:00Z,3,direct,leisure,MX,147.94,False,P001
2022-01-26,2022-01-22T00:00:00Z,3,ota,leisure,MX,165.7,False,P001
2022-01-26,2022-01-09T00:00:00Z,4,direct,business,GB,123.61,False,P001
2022-01-26,2021-12-22T00:00:00Z,3,direct,business,MX,168.0,False,P001
2022-01-26,2022-01-23T00:00:00Z,2,direct,business,DE,142.09,False,P001
2022-01-27,2022-01-23T00:00:00Z,4,direct,leisure,CA,90.38,False,P001
2022-01-27,2022-01-22T00:00:00Z,3,ota,business,MX,157.76,False,P001
2022-01-27,2022-01-04T00:00:00Z,1,direct,leisure,CA,155.61,False,P001
2022-01-27,2022-01-21T00:00:00Z,3,direct,leisure,CA,103.01,False,P001
2022-01-27,2022-01-24T00:00:00Z,5,ota,business,DE,142.65,False,P001
2022-01-27,2022-01-17T00:00:00Z,3,ota,business,CA,139.17,False,P001
2022-01-27,2022-01-25T00:00:00Z,3,direct,business,MX,112.78,False,P001
2022-01-27,2022-01-16T00:00:00Z,3,direct,leisure,CA,172.4,False,P001
2022-01-27,2022-01-22T00:00:00Z,1,direct,leisure,CA,154.82,False,P001
2022-01-27,2022-01-18T00:00:00Z,6,ota,leisure,CA,152.89,False,P001
2022-01-27,2022-01-23T00:00:00Z,2,direct,business,DE,149.18,False,P001
2022-01-27,2022-01-19T00:00:00Z,1,direct,business,CA,138.85,False,P001
2022-01-27,2021-12-27T00:00:00Z,7,direct,leisure,GB,165.38,False,P001
2022-01-27,2022-01-25T00:00:00Z,4,direct,business,MX,136.91,False,P001
2022-01-27,2021-11-28T00:00:00Z,2,direct,leisure,US,113.44,False,P001
2022-01-27,2022-01-21T00:00:00Z,7,ota,leisure,DE,203.34,False,P001
2022-01-27,2022-01-20T00:00:00Z,4,direct,business,GB,130.54,False,P001
2022-01-27,2022-01-15T00:00:00Z,3,ota,leisure,US,115.45,False,P001
2022-01-27,2022-01-21T00:00:00Z,1,direct,business,US,201.73,False,P001
2022-01-27,2022-01-17T00:00:00Z,1,direct,leisure,US,158.63,False,P001
2022-01-27,2022-01-02T00:00:00Z,3,direct,leisure,DE,162.95,False,P001
2022-01-27,2022-01-10T00:00:00Z,5,ota,business,CA,195.88,False,P001
2022-01-27,2022-01-21T00:00:00Z,2,ota,business,CA,164.75,False,P001
2022-01-28,2022-01-23T00:00:00Z,3,direct,business,GB,112.83,False,P001
2022-01-28,2022-01-15T00:00:00Z,5,direct,business,DE,152.38,False,P001
2022-01-28,2022-01-11T00:00:00Z,1,direct,leisure,CA,186.38,False,P001
2022-01-28,2021-12-25T00:00:00Z,1,ota,business,DE,116.51,False,P001
2022-01-28,2021-12-28T00:00:00Z,3,direct,leisure,MX,192.55,False,P001
2022-01-28,2021-12-29T00:00:00Z,1,direct,leisure,GB,148.03,False,P001
2022-01-28,2021-12-23T00:00:00Z,1,ota,leisure,DE,116.69,False,P001
2022-01-28,2021-12-21T00:00:00Z,2,direct,leisure,MX,121.25,True,P001
2022-01-28,2022-01-14T00:00:00Z,6,direct,business,MX,108.01,False,P001
2022-01-28,2022-01-08T00:00:00Z,3,ota,business,MX,154.88,False,P001
2022-01-28,2022-01-18T00:00:00Z,5,ota,business,DE,164.94,True,P001
2022-01-28,2022-01-20T00:00:00Z,1,ota,business,DE,195.95,False,P001
2022-01-28,2022-01-25T00:00:00Z,1,direct,leisure,US,174.36,True,P001
2022-01-28,2022-01-01T00:00:00Z,4,ota,leisure,MX,169.01,False,P001
2022-01-28,2022-01-21T00:00:00Z,5,direct,leisure,GB,141.61,False,P001
2022-01-29,2021-12-04T00:00:00Z,5,direct,leisure,US,104.03,False,P001
2022-01-29,2022-01-24T00:00:00Z,1,ota,leisure,MX,176.38,False,P001
2022-01-29,2022-01-03T00:00:00Z,6,direct,leisure,MX,177.33,False,P001
2022-01-29,2022-01-23T00:00:00Z,3,ota,business,GB,109.28,False,P001
2022-01-29,2022-01-23T00:00:00Z,1,direct,leisure,CA,43.01,False,P001
2022-01-29,2022-01-10T00:00:00Z,1,ota,business,CA,145.89,True,P001
2022-01-29,2022-01-25T00:00:00Z,2,ota,leisure,MX,143.49,False,P001
2022-01-29,2022-01-20T00:00:00Z,6,direct,leisure,DE,180.5,False,P001
2022-01-29,2022-01-04T00:00:00Z,7,direct,leisure,DE,139.49,False,P001
2022-01-29,2022-01-23T00:00:00Z,4,ota,business,GB,157.94,False,P001
2022-01-29,2022-01-16T00:00:00Z,1,direct,business,MX,127.62,False,P001
2022-01-30,2022-01-11T00:00:00Z,2,ota,business,MX,111.64,False,P001
2022-01-30,2021-12-06T00:00:00Z,4,ota,leisure,GB,113.94,True,P001
2022-01-30,2022-01-22T00:00:00Z,4,ota,business,MX,138.38,False,P001
2022-01-30,2022-01-28T00:00:00Z,3,direct,leisure,CA,148.76,False,P001
2022-01-30,2022-01-26T00:00:00Z,3,ota,leisure,DE,187.34,False,P001
2022-01-30,2022-01-24T00:00:00Z,3,direct,business,MX,162.31,False,P001
2022-01-30,2022-01-19T00:00:00Z,2,direct,leisure,CA,157.55,False,P001
2022-01-30,2022-01-05T00:00:00Z,3,ota,leisure,GB,140.15,False,P001
2022-01-30,2021-12-18T00:00:00Z,6,ota,leisure,GB,125.72,False,P001
2022-01-30,2021-12-27T00:00:00Z,3,direct,business,DE,193.59,False,P001
2022-01-30,2022-01-08T00:00:00Z,1,direct,leisure,US,142.43,False,P001
2022-01-30,2022-01-22T00:00:00Z,5,ota,business,MX,109.02,False,P001
2022-01-30,2021-12-20T00:00:00Z,2,ota,business,GB,197.3,False,P001
2022-01-30,2022-01-12T00:00:00Z,7,ota,leisure,CA,111.83,False,P001
2022-01-30,2022-01-23T00:00:00Z,2,direct,leisure,GB,167.4,False,P001
2022-01-30,2021-12-01T00:00:00Z,1,ota,leisure,GB,157.06,False,P001
2022-01-30,2021-12-06T00:00:00Z,3,direct,business,US,190.63,False,P001
2022-01-30,2022-01-12T00:00:00Z,3,direct,business,MX,110.57,False,P001
2022-01-31,2022-01-24T00:00:00Z,2,direct,leisure,GB,131.35,False,P001
2022-01-31,2022-01-27T00:00:00Z,5,direct,leisure,US,121.89,False,P001
2022-01-31,2022-01-08T00:00:00Z,1,ota,leisure,US,174.67,False,P001
2022-01-31,2022-01-02T00:00:00Z,3,ota,business,CA,185.71,False,P001
2022-01-31,2022-01-21T00:00:00Z,4,direct,business,DE,163.5,False,P001
2022-01-31,2022-01-20T00:00:00Z,3,direct,business,MX,167.54,False,P001
2022-01-31,2022-01-20T00:00:00Z,2,direct,business,MX,123.66,False,P001
2022-01-31,2022-01-04T00:00:00Z,1,ota,leisure,MX,164.31,False,P001
2022-01-31,2022-01-02T00:00:00Z,6,direct,leisure,CA,176.78,False,P001
2022-01-31,2022-01-23T00:00:00Z,2,ota,leisure,DE,139.96,False,P001
2022-01-31,2022-01-03T00:00:00Z,5,ota,leisure,GB,162.06,False,P001
2022-01-31,2022-01-26T00:00:00Z,1,direct,leisure,DE,119.49,False,P001
2022-01-31,2021-12-14T00:00:00Z,1,direct,business,GB,166.27,False,P001
2022-01-31,2021-12-11T00:00:00Z,2,direct,business,CA,159.23,True,P001
2022-02-01,2022-01-16T00:00:00Z,2,direct,business,GB,160.78,False,P001
2022-02-01,2022-01-17T00:00:00Z,2,direct,leisure,US,161.64,False,P001
2022-02-01,2022-01-25T00:00:00Z,1,ota,leisure,CA,151.11,False,P001
2022-02-01,2021-12-10T00:00:00Z,3,ota,business,MX,137.37,False,P001
2022-02-01,2022-01-16T00:00:00Z,1,ota,leisure,US,152.91,False,P001
2022-02-01,2021-12-28T00:00:00Z,1,ota,leisure,GB,112.33,False,P001
2022-02-01,2022-01-27T00:00:00Z,2,ota,business,GB,197.14,False,P001
2022-02-01,2021-12-03T00:00:00Z,1,ota,leisure,MX,151.39,False,P001
2022-02-01,2021-12-03T00:00:00Z,1,direct,business,US,135.21,False,P001
2022-02-01,2022-01-22T00:00:00Z,2,ota,business,MX,100.33,False,P001
2022-02-01,2021-12-16T00:00:00Z,3,ota,leisure,MX,163.64,False,P001
2022-02-01,2021-12-15T00:00:00Z,3,ota,business,DE,196.94,False,P001
2022-02-01,2022-01-15T00:00:00Z,2,ota,leisure,MX,163.62,False,P001
2022-02-01,2021-12-16T00:00:00Z,1,direct,business,US,176.44,False,P001
2022-02-01,2022-01-22T00:00:00Z,5,ota,business,MX,168.7,False,P001
2022-02-01,2022-01-18T00:00:00Z,5,ota,business,DE,155.78,False,P001
2022-02-01,2021-12-29T00:00:00Z,2,ota,leisure,GB,129.86,False,P001
2022-02-01,2022-01-24T00:00:00Z,4,direct,leisure,US,161.74,False,P001
2022-02-02,2021-12-25T00:00:00Z,2,direct,business,CA,186.22,False,P001
2022-02-02,2022-01-27T00:00:00Z,1,ota,leisure,DE,165.08,True,P001
2022-02-02,2022-01-27T00:00:00Z,1,direct,leisure,GB,99.76,False,P001
2022-02-02,2021-12-04T00:00:00Z,4,direct,leisure,MX,166.15,False,P001
2022-02-02,2022-01-06T00:00:00Z,2,ota,business,CA,151.04,False,P001
2022-02-02,2022-01-25T00:00:00Z,4,ota,leisure,US,199.27,False,P001
2022-02-02,2022-01-31T00:00:00Z,2,direct,leisure,GB,133.79,False,P001
2022-02-02,2022-01-20T00:00:00Z,7,ota,business,US,167.63,False,P001
2022-02-02,2022-01-26T00:00:00Z,1,ota,business,US,149.06,True,P001
2022-02-02,2022-01-29T00:00:00Z,3,ota,leisure,DE,152.78,False,P001
2022-02-02,2022-01-06T00:00:00Z,2,direct,business,GB,126.87,True,P001
2022-02-02,2022-01-23T00:00:00Z,3,direct,leisure,CA,156.5,False,P001
2022-02-02,2021-12-20T00:00:00Z,3,direct,leisure,CA,167.26,False,P001
2022-02-02,2022-01-03T00:00:00Z,2,direct,business,DE,148.56,False,P001
2022-02-02,2022-01-24T00:00:00Z,4,ota,leisure,GB,161.57,False,P001
2022-02-02,2021-12-09T00:00:00Z,3,ota,business,GB,148.4,False,P001
2022-02-03,2022-01-25T00:00:00Z,3,ota,leisure,DE,174.57,False,P001
2022-02-03,2022-01-24T00:00:00Z,4,direct,business,DE,132.33,False,P001
2022-02-03,2021-12-16T00:00:00Z,1,ota,leisure,MX,175.11,False,P001
2022-02-03,2022-01-20T00:00:00Z,3,ota,leisure,GB,170.45,False,P001
2022-02-03,2022-01-26T00:00:00Z,1,direct,business,MX,186.22,False,P001
2022-02-03,2021-12-14T00:00:00Z,1,direct,leisure,MX,83.8,False,P001
2022-02-03,2022-01-31T00:00:00Z,3,direct,leisure,MX,156.85,False,P001
2022-02-03,2022-01-28T00:00:00Z,3,ota,leisure,GB,119.65,False,P001
2022-02-03,2022-02-01T00:00:00Z,3,ota,business,CA,146.0,False,P001
2022-02-03,2022-01-26T00:00:00Z,3,direct,business,CA,182.56,False,P001
2022-02-03,2022-01-11T00:00:00Z,1,ota,business,CA,207.14,False,P001
2022-02-03,2022-01-24T00:00:00Z,4,ota,leisure,CA,175.63,False,P001
2022-02-03,2022-01-22T00:00:00Z,4,ota,leisure,US,148.98,False,P001
2022-02-03,2022-01-27T00:00:00Z,2,ota,leisure,DE,149.44,False,P001
2022-02-03,2022-01-20T00:00:00Z,4,direct,leisure,MX,162.1,True,P001
2022-02-03,2022-01-24T00:00:00Z,4,ota,leisure,MX,112.88,False,P001
2022-02-03,2022-01-29T00:00:00Z,3,direct,business,US,148.6,False,P001
2022-02-03,2022-01-28T00:00:00Z,5,ota,business,DE,160.69,False,P001
2022-02-03,2022-01-08T00:00:00Z,5,ota,leisure,GB,141.22,False,P001
2022-02-03,2022-01-22T00:00:00Z,5,direct,leisure,US,154.0,False,P001
2022-02-03,2021-12-05T00:00:00Z,3,direct,leisure,GB,195.21,False,P001
2022-02-03,2021-12-25T00:00:00Z,3,direct,leisure,CA,149.12,False,P001
2022-02-03,2022-01-23T00:00:00Z,4,direct,business,CA,155.06,False,P001
2022-02-03,2022-01-05T00:00:00Z,4,ota,leisure,MX,178.64,False,P001
2022-02-03,2022-01-19T00:00:00Z,4,direct,leisure,MX,152.11,False,P001
2022-02-04,2022-01-21T00:00:00Z,4,ota,business,DE,168.58,False,P001
2022-02-04,2022-01-18T00:00:00Z,2,direct,business,MX,104.15,False,P001
2022-02-04,2022-01-27T00:00:00Z,3,ota,business,CA,142.61,False,P001
2022-02-04,2022-01-26T00:00:00Z,4,ota,business,MX,179.44,True,P001
2022-02-04,2022-01-29T00:00:00Z,3,ota,leisure,DE,152.47,True,P001
2022-02-04,2022-01-27T00:00:00Z,5,direct,leisure,US,207.53,False,P001
2022-02-04,2021-12-06T00:00:00Z,2,ota,leisure,DE,177.16,False,P001
2022-02-04,2022-01-22T00:00:00Z,1,ota,business,GB,158.9,False,P001
2022-02-04,2022-02-01T00:00:00Z,8,ota,leisure,MX,165.1,False,P001
2022-02-04,2022-01-23T00:00:00Z,1,direct,business,DE,158.95,True,P001
2022-02-04,2022-01-17T00:00:00Z,1,direct,leisure,DE,123.97,False,P001
2022-02-04,2022-01-27T00:00:00Z,1,direct,business,US,145.47,False,P001
2022-02-04,2021-12-06T00:00:00Z,3,direct,leisure,MX,180.05,False,P001
2022-02-04,2022-01-07T00:00:00Z,3,direct,business,GB,174.3,False,P001
2022-02-04,2022-01-17T00:00:00Z,3,ota,business,GB,211.28,False,P001
2022-02-04,2022-01-12T00:00:00Z,3,ota,leisure,DE,126.76,False,P001
2022-02-04,2022-01-31T00:00:00Z,3,ota,leisure,CA,101.72,False,P001
2022-02-05,2022-01-06T00:00:00Z,4,direct,leisure,CA,119.25,False,P001
2022-02-05,2021-12-31T00:00:00Z,2,ota,business,US,133.55,False,P001
2022-02-05,2022-01-24T00:00:00Z,6,ota,business,CA,174.14,False,P001
2022-02-05,2022-01-28T00:00:00Z,2,ota,leisure,CA,118.28,False,P001
2022-02-05,2022-01-14T00:00:00Z,2,ota,leisure,US,160.18,True,P001
2022-02-05,2021-12-07T00:00:00Z,3,ota,leisure,DE,105.08,False,P001
2022-02-05,2022-01-04T00:00:00Z,7,direct,leisure,GB,143.39,False,P001
2022-02-05,2021-12-17T00:00:00Z,3,ota,leisure,CA,145.53,False,P001
2022-02-05,2022-01-18T00:00:00Z,4,direct,business,CA,164.19,False,P001
2022-02-05,2022-01-28T00:00:00Z,7,direct,business,DE,142.05,False,P001
2022-02-05,2021-12-22T00:00:00Z,3,direct,leisure,GB,137.54,False,P001
2022-02-05,2021-12-07T00:00:00Z,2,direct,business,DE,135.43,False,P001
2022-02-05,2022-01-17T00:00:00Z,3,direct,leisure,US,149.38,False,P001
2022-02-05,2022-01-27T00:00:00Z,5,direct,leisure,CA,145.84,False,P001
2022-02-05,2021-12-15T00:00:00Z,4,direct,business,US,147.79,False,P001
2022-02-05,2021-12-24T00:00:00Z,2,ota,leisure,GB,139.18,False,P001
2022-02-05,2022-01-31T00:00:00Z,1,ota,leisure,MX,197.45,False,P001
2022-02-05,2022-01-30T00:00:00Z,3,direct,leisure,GB,151.39,False,P001
2022-02-05,2022-01-02T00:00:00Z,1,ota,business,GB,160.18,False,P001
2022-02-05,2021-12-26T00:00:00Z,5,ota,business,GB,176.99,False,P001
2022-02-05,2022-01-21T00:00:00Z,5,ota,business,MX,157.27,False,P001
2022-02-06,2022-01-29T00:00:00Z,1,ota,leisure,CA,161.08,False,P001
2022-02-06,2021-12-08T00:00:00Z,2,ota,leisure,MX,159.6,False,P001
2022-02-06,2021-12-08T00:00:00Z,2,direct,business,DE,145.84,False,P001
2022-02-06,2022-01-21T00:00:00Z,3,ota,leisure,CA,176.98,False,P001
2022-02-06,2021-12-30T00:00:00Z,2,ota,business,CA,161.0,False,P001
2022-02-06,2021-12-30T00:00:00Z,1,ota,business,US,163.91,False,P001
2022-02-06,2021-12-20T00:00:00Z,4,ota,business,US,85.42,True,P001
2022-02-06,2021-12-18T00:00:00Z,4,ota,business,GB,148.9,False,P001
2022-02-07,2021-12-09T00:00:00Z,3,direct,leisure,DE,160.02,False,P001
2022-02-07,2022-02-04T00:00:00Z,5,ota,leisure,CA,122.72,False,P001
2022-02-07,2022-01-18T00:00:00Z,8,direct,leisure,GB,140.38,False,P001
2022-02-07,2022-02-01T00:00:00Z,2,ota,leisure,CA,120.8,False,P001
2022-02-07,2022-01-31T00:00:00Z,2,ota,business,US,90.14,False,P001
2022-02-07,2022-01-23T00:00:00Z,7,ota,leisure,DE,147.87,False,P001
2022-02-07,2022-02-02T00:00:00Z,2,ota,business,DE,115.71,False,P001
2022-02-07,2022-01-17T00:00:00Z,3,ota,business,US,172.18,False,P001
2022-02-07,2022-02-02T00:00:00Z,1,direct,leisure,US,162.15,False,P001
2022-02-07,2021-12-18T00:00:00Z,1,direct,business,DE,186.68,False,P001
2022-02-07,2021-12-15T00:00:00Z,7,direct,business,DE,151.92,False,P001
2022-02-07,2022-01-28T00:00:00Z,5,ota,leisure,MX,151.62,False,P001
2022-02-07,2022-01-30T00:00:00Z,3,direct,business,CA,174.4,False,P001
2022-02-07,2022-01-22T00:00:00Z,6,ota,business,MX,163.47,False,P001
2022-02-08,2021-12-24T00:00:00Z,4,ota,business,CA,137.99,True,P001
2022-02-08,2022-02-04T00:00:00Z,3,ota,leisure,CA,171.72,False,P001
2022-02-08,2022-01-31T00:00:00Z,5,ota,leisure,US,150.21,False,P001
2022-02-08,2021-12-10T00:00:00Z,4,direct,leisure,DE,121.06,False,P001
2022-02-08,2022-01-14T00:00:00Z,7,direct,business,MX,167.84,False,P001
2022-02-08,2021-12-29T00:00:00Z,4,direct,business,MX,150.49,True,P001
2022-02-08,2022-02-02T00:00:00Z,4,ota,leisure,CA,86.93,False,P001
2022-02-08,2022-01-12T00:00:00Z,4,ota,business,MX,199.0,True,P001
2022-02-08,2022-02-03T00:00:00Z,2,ota,leisure,GB,118.95,False,P001
2022-02-08,2022-02-05T00:00:00Z,3,ota,business,US,101.95,False,P001
2022-02-08,2022-02-06T00:00:00Z,4,direct,leisure,MX,165.9,False,P001
2022-02-08,2021-12-10T00:00:00Z,3,direct,business,MX,208.29,False,P001
2022-02-08,2021-12-16T00:00:00Z,4,ota,business,DE,114.47,False,P001
2022-02-09,2022-01-27T00:00:00Z,4,direct,business,US,78.61,False,P001
2022-02-09,2022-01-15T00:00:00Z,2,ota,leisure,DE,181.01,False,P001
2022-02-09,2022-01-05T00:00:00Z,1,ota,leisure,DE,154.67,False,P001
2022-02-09,2022-01-23T00:00:00Z,6,direct,leisure,US,128.34,False,P001
2022-02-09,2022-01-01T00:00:00Z,1,direct,business,DE,180.08,False,P001
2022-02-09,2022-01-26T00:00:00Z,5,direct,business,US,151.06,False,P001
2022-02-09,2022-01-30T00:00:00Z,3,direct,leisure,GB,159.62,False,P001
2022-02-09,2022-02-04T00:00:00Z,3,ota,business,MX,144.73,False,P001
2022-02-09,2022-01-21T00:00:00Z,1,ota,leisure,MX,175.33,False,P001
2022-02-09,2021-12-31T00:00:00Z,4,direct,leisure,US,107.99,False,P001
2022-02-10,2022-02-05T00:00:00Z,5,ota,business,US,123.03,False,P001
2022-02-10,2022-01-30T00:00:00Z,2,ota,leisure,US,185.36,False,P001
2022-02-10,2022-01-13T00:00:00Z,3,direct,leisure,CA,167.0,False,P001
2022-02-10,2021-12-19T00:00:00Z,1,ota,leisure,GB,176.41,True,P001
2022-02-10,2022-01-25T00:00:00Z,3,direct,leisure,MX,151.14,False,P001
2022-02-10,2022-01-30T00:00:00Z,1,ota,leisure,US,143.99,False,P001
2022-02-10,2022-02-04T00:00:00Z,4,direct,leisure,US,111.34,False,P001
2022-02-10,2022-02-03T00:00:00Z,2,direct,business,CA,107.08,False,P001
2022-02-10,2022-01-22T00:00:00Z,3,ota,leisure,MX,151.55,True,P001
2022-02-10,2022-02-01T00:00:00Z,2,ota,business,MX,109.45,False,P001
2022-02-10,2021-12-12T00:00:00Z,4,direct,leisure,CA,131.92,False,P001
2022-02-10,2022-01-29T00:00:00Z,2,direct,business,DE,101.12,False,P001
2022-02-10,2022-01-30T00:00:00Z,4,ota,business,CA,173.25,False,P001
2022-02-10,2022-01-13T00:00:00Z,3,direct,leisure,US,144.77,False,P001
2022-02-10,2022-01-31T00:00:00Z,1,ota,leisure,CA,130.79,False,P001
2022-02-10,2022-02-05T00:00:00Z,2,direct,leisure,GB,106.59,False,P001
2022-02-10,2022-02-03T00:00:00Z,2,direct,leisure,CA,164.99,False,P001
2022-02-10,2022-01-22T00:00:00Z,3,ota,business,CA,152.68,True,P001
2022-02-10,2022-02-04T00:00:00Z,1,direct,leisure,US,197.12,False,P001
2022-02-10,2021-12-12T00:00:00Z,2,direct,leisure,GB,184.97,False,P001
2022-02-11,2022-02-07T00:00:00Z,5,direct,leisure,US,143.88,False,P001
2022-02-11,2022-01-08T00:00:00Z,4,ota,business,US,170.77,False,P001
2022-02-11,2022-02-01T00:00:00Z,1,direct,leisure,DE,137.46,True,P001
2022-02-11,2022-02-02T00:00:00Z,3,direct,leisure,GB,147.58,False,P001
2022-02-11,2022-01-11T00:00:00Z,3,ota,business,GB,172.94,False,P001
2022-02-11,2021-12-13T00:00:00Z,2,direct,leisure,DE,152.24,False,P001
2022-02-11,2022-02-05T00:00:00Z,2,direct,leisure,US,109.77,False,P001
2022-02-11,2022-01-05T00:00:00Z,4,direct,leisure,DE,162.51,False,P001
2022-02-11,2022-02-03T00:00:00Z,1,ota,leisure,MX,183.92,False,P001
2022-02-11,2022-02-04T00:00:00Z,3,ota,leisure,US,183.06,False,P001
2022-02-11,2022-01-12T00:00:00Z,1,ota,leisure,GB,191.32,False,P001
2022-02-11,2021-12-13T00:00:00Z,1,ota,leisure,CA,125.04,False,P001
2022-02-11,2022-02-01T00:00:00Z,2,direct,leisure,US,143.33,False,P001
2022-02-11,2021-12-13T00:00:00Z,6,direct,leisure,US,125.6,True,P001
2022-02-11,2022-02-04T00:00:00Z,3,ota,business,US,208.81,False,P001
2022-02-11,2022-01-23T00:00:00Z,2,direct,business,US,118.02,False,P001
2022-02-12,2022-02-03T00:00:00Z,3,direct,leisure,CA,100.01,False,P001
2022-02-12,2022-02-08T00:00:00Z,1,ota,leisure,US,143.42,False,P001
2022-02-12,2022-01-31T00:00:00Z,2,ota,leisure,MX,158.17,False,P001
2022-02-12,2022-01-09T00:00:00Z,2,ota,business,US,32.33,False,P001
2022-02-12,2022-01-17T00:00:00Z,3,direct,leisure,MX,219.05,False,P001
2022-02-12,2022-02-06T00:00:00Z,5,ota,leisure,MX,172.37,False,P001
2022-02-12,2022-02-07T00:00:00Z,4,ota,leisure,DE,106.54,True,P001
2022-02-12,2022-02-08T00:00:00Z,1,direct,business,MX,161.1,False,P001
2022-02-12,2021-12-14T00:00:00Z,6,ota,business,MX,173.28,False,P001
2022-02-12,2022-02-05T00:00:00Z,3,direct,business,CA,95.63,True,P001
2022-02-12,2022-02-06T00:00:00Z,1,ota,business,MX,117.98,False,P001
2022-02-12,2022-02-06T00:00:00Z,1,ota,business,GB,160.72,False,P001
2022-02-12,2022-02-03T00:00:00Z,5,ota,business,MX,181.23,False,P001
2022-02-12,2022-02-04T00:00:00Z,2,direct,business,DE,162.84,False,P001
2022-02-12,2022-02-04T00:00:00Z,6,ota,leisure,CA,168.27,False,P001
2022-02-12,2022-02-08T00:00:00Z,2,ota,business,GB,107.79,False,P001
2022-02-13,2021-12-15T00:00:00Z,1,ota,leisure,GB,196.07,False,P001
2022-02-13,2022-02-05T00:00:00Z,6,direct,leisure,CA,180.64,False,P001
2022-02-13,2021-12-31T00:00:00Z,4,direct,business,US,132.25,False,P001
2022-02-13,2022-02-06T00:00:00Z,5,ota,leisure,US,157.84,False,P001
2022-02-13,2022-01-10T00:00:00Z,2,ota,leisure,GB,139.37,False,P001
2022-02-13,2022-02-04T00:00:00Z,2,ota,business,DE,119.42,False,P001
2022-02-13,2022-02-07T00:00:00Z,2,ota,business,MX,134.61,False,P001
2022-02-13,2021-12-15T00:00:00Z,2,ota,leisure,CA,109.11,False,P001
2022-02-13,2022-02-04T00:00:00Z,2,ota,business,GB,138.87,True,P001
2022-02-13,2022-02-05T00:00:00Z,4,ota,leisure,DE,149.02,False,P001
2022-02-13,2022-02-11T00:00:00Z,1,direct,leisure,GB,139.21,False,P001
2022-02-13,2022-02-10T00:00:00Z,1,ota,leisure,CA,199.17,False,P001
2022-02-13,2022-01-16T00:00:00Z,2,ota,leisure,DE,118.66,False,P001
2022-02-13,2022-01-13T00:00:00Z,2,direct,leisure,CA,185.06,False,P001
2022-02-13,2022-02-08T00:00:00Z,1,ota,leisure,US,178.4,False,P001
2022-02-13,2021-12-25T00:00:00Z,4,ota,leisure,CA,161.68,False,P001
2022-02-13,2022-01-19T00:00:00Z,4,direct,business,US,99.28,False,P001
2022-02-13,2022-02-07T00:00:00Z,1,direct,leisure,GB,90.69,False,P001
2022-02-14,2022-02-10T00:00:00Z,5,ota,leisure,MX,180.66,False,P001
2022-02-14,2022-02-06T00:00:00Z,2,direct,business,DE,121.55,False,P001
2022-02-14,2022-02-11T00:00:00Z,2,direct,business,GB,139.34,False,P001
2022-02-14,2022-02-01T00:00:00Z,3,direct,leisure,CA,185.87,False,P001
2022-02-14,2022-01-09T00:00:00Z,3,direct,business,US,175.24,False,P001
2022-02-14,2021-12-28T00:00:00Z,7,direct,leisure,MX,149.38,False,P001
2022-02-14,2022-01-22T00:00:00Z,3,ota,business,GB,132.91,False,P001
2022-02-14,2022-01-30T00:00:00Z,3,direct,leisure,MX,154.36,False,P001
2022-02-14,2022-02-01T00:00:00Z,4,direct,business,CA,155.83,False,P001
2022-02-14,2022-02-09T00:00:00Z,6,ota,leisure,CA,141.42,False,P001
2022-02-14,2022-02-08T00:00:00Z,4,direct,leisure,GB,195.87,False,P001
2022-02-14,2022-02-05T00:00:00Z,1,ota,business,CA,171.85,False,P001
2022-02-15,2022-02-11T00:00:00Z,6,direct,leisure,US,157.03,False,P001
2022-02-15,2021-12-27T00:00:00Z,1,direct,leisure,MX,116.16,True,P001
2022-02-15,2022-01-29T00:00:00Z,5,direct,business,US,219.13,False,P001
2022-02-15,2021-12-17T00:00:00Z,3,ota,leisure,US,125.84,True,P001
2022-02-15,2022-02-10T00:00:00Z,1,ota,business,US,82.35,False,P001
2022-02-15,2022-02-07T00:00:00Z,5,direct,business,CA,76.13,False,P001
2022-02-15,2022-01-28T00:00:00Z,4,direct,business,US,92.13,False,P001
2022-02-15,2022-02-04T00:00:00Z,2,ota,leisure,DE,202.37,False,P001
2022-02-15,2021-12-17T00:00:00Z,2,ota,leisure,DE,192.4,True,P001
2022-02-15,2022-02-08T00:00:00Z,1,ota,business,US,169.93,False,P001
2022-02-15,2022-02-09T00:00:00Z,6,ota,leisure,GB,178.64,False,P001
2022-02-15,2022-02-08T00:00:00Z,1,ota,leisure,GB,242.69,False,P001
2022-02-15,2021-12-17T00:00:00Z,1,ota,leisure,DE,133.14,False,P001
2022-02-15,2022-01-22T00:00:00Z,4,direct,leisure,US,163.38,False,P001
2022-02-15,2022-02-09T00:00:00Z,4,ota,business,CA,156.28,False,P001
2022-02-15,2022-01-19T00:00:00Z,3,direct,leisure,CA,86.28,False,P001
2022-02-15,2022-01-12T00:00:00Z,4,ota,leisure,DE,129.66,False,P001
2022-02-15,2022-02-03T00:00:00Z,1,ota,leisure,US,135.83,True,P001
2022-02-15,2022-02-09T00:00:00Z,1,ota,leisure,GB,111.65,False,P001
2022-02-15,2022-02-05T00:00:00Z,2,ota,business,DE,187.88,False,P001
2022-02-16,2022-01-13T00:00:00Z,2,direct,leisure,CA,160.66,False,P001
2022-02-16,2022-01-10T00:00:00Z,2,direct,leisure,MX,122.94,False,P001
2022-02-16,2022-02-08T00:00:00Z,3,ota,business,GB,122.69,False,P001
2022-02-16,2022-02-05T00:00:00Z,1,ota,business,MX,143.1,False,P001
2022-02-16,2022-02-13T00:00:00Z,1,ota,business,MX,173.38,False,P001
2022-02-16,2021-12-18T00:00:00Z,3,ota,leisure,US,168.78,False,P001
2022-02-16,2022-02-12T00:00:00Z,5,ota,business,US,86.65,False,P001
2022-02-16,2022-01-21T00:00:00Z,6,direct,leisure,DE,155.29,False,P001
2022-02-16,2022-01-06T00:00:00Z,1,direct,leisure,CA,145.51,False,P001
2022-02-16,2022-01-23T00:00:00Z,2,direct,business,US,161.62,False,P001
2022-02-16,2022-02-01T00:00:00Z,1,ota,leisure,DE,196.72,False,P001
2022-02-16,2022-02-14T00:00:00Z,4,ota,leisure,US,164.07,False,P001
2022-02-17,2022-01-25T00:00:00Z,4,ota,business,GB,129.49,False,P001
2022-02-17,2022-01-25T00:00:00Z,4,direct,leisure,MX,138.74,False,P001
2022-02-17,2022-01-17T00:00:00Z,3,ota,leisure,MX,91.64,False,P001
2022-02-17,2021-12-21T00:00:00Z,3,ota,leisure,US,128.09,False,P001
2022-02-17,2022-02-05T00:00:00Z,5,direct,business,CA,202.32,True,P001
2022-02-17,2022-02-14T00:00:00Z,4,ota,business,DE,130.57,False,P001
2022-02-17,2022-01-06T00:00:00Z,1,ota,business,MX,127.3,False,P001
2022-02-17,2022-01-02T00:00:00Z,3,ota,leisure,US,143.14,False,P001
2022-02-17,2022-01-22T00:00:00Z,5,direct,leisure,CA,150.69,False,P001
2022-02-17,2022-02-13T00:00:00Z,3,direct,leisure,MX,145.54,False,P001
2022-02-17,2022-02-07T00:00:00Z,2,ota,leisure,MX,202.56,False,P001
2022-02-17,2022-01-17T00:00:00Z,2,ota,business,US,191.25,False,P001
2022-02-17,2022-01-28T00:00:00Z,4,direct,leisure,CA,155.9,True,P001
2022-02-17,2022-01-30T00:00:00Z,2,ota,business,CA,150.91,False,P001
2022-02-17,2022-01-20T00:00:00Z,2,direct,leisure,US,179.68,False,P001
2022-02-17,2022-02-08T00:00:00Z,2,ota,leisure,DE,152.64,False,P001
2022-02-17,2022-02-02T00:00:00Z,1,direct,business,US,133.08,False,P001
2022-02-17,2022-02-09T00:00:00Z,2,direct,business,CA,152.49,False,P001
2022-02-17,2022-02-11T00:00:00Z,5,direct,leisure,GB,136.49,False,P001
2022-02-17,2022-02-13T00:00:00Z,3,ota,business,GB,176.5,False,P001
2022-02-18,2022-02-05T00:00:00Z,4,direct,business,CA,79.46,False,P001
2022-02-18,2022-02-11T00:00:00Z,4,direct,business,DE,173.03,False,P001
2022-02-18,2021-12-20T00:00:00Z,3,ota,business,US,105.95,False,P001
2022-02-18,2022-01-28T00:00:00Z,1,direct,leisure,CA,166.07,False,P001
2022-02-18,2022-01-27T00:00:00Z,1,ota,leisure,DE,149.07,False,P001
2022-02-18,2022-01-21T00:00:00Z,2,direct,business,DE,117.23,False,P001
2022-02-18,2022-02-14T00:00:00Z,1,ota,leisure,CA,160.74,False,P001
2022-02-18,2022-01-23T00:00:00Z,3,ota,leisure,MX,96.64,False,P001
2022-02-18,2022-01-15T00:00:00Z,1,direct,leisure,US,178.46,True,P001
2022-02-18,2021-12-22T00:00:00Z,1,direct,business,US,130.4,True,P001
2022-02-18,2022-01-13T00:00:00Z,7,ota,leisure,CA,173.89,False,P001
2022-02-18,2022-02-09T00:00:00Z,3,direct,business,DE,148.02,False,P001
2022-02-18,2022-01-05T00:00:00Z,2,ota,leisure,DE,168.42,False,P001
2022-02-18,2022-02-06T00:00:00Z,3,direct,leisure,DE,143.78,False,P001
2022-02-19,2022-01-11T00:00:00Z,6,ota,business,GB,160.28,False,P001
2022-02-19,2022-02-15T00:00:00Z,2,ota,business,DE,148.12,False,P001
2022-02-19,2021-12-21T00:00:00Z,5,ota,business,US,202.13,False,P001
2022-02-19,2022-01-30T00:00:00Z,4,direct,leisure,GB,143.06,False,P001
2022-02-19,2022-01-05T00:00:00Z,5,direct,leisure,MX,177.88,False,P001
2022-02-19,2022-02-15T00:00:00Z,3,ota,business,GB,208.22,False,P001
2022-02-19,2022-02-02T00:00:00Z,3,ota,leisure,CA,166.99,False,P001
2022-02-19,2022-02-12T00:00:00Z,1,ota,leisure,GB,197.94,False,P001
2022-02-19,2022-02-04T00:00:00Z,5,direct,leisure,GB,138.14,False,P001
2022-02-19,2022-02-11T00:00:00Z,4,ota,leisure,US,127.08,False,P001
2022-02-19,2022-02-13T00:00:00Z,1,direct,leisure,CA,139.33,False,P001
2022-02-19,2022-01-28T00:00:00Z,3,ota,leisure,US,116.15,False,P001
2022-02-19,2022-02-03T00:00:00Z,4,ota,business,GB,164.02,False,P001
2022-02-19,2022-02-04T00:00:00Z,5,ota,business,CA,189.19,False,P001
2022-02-19,2022-02-12T00:00:00Z,1,ota,leisure,GB,148.61,False,P001
2022-02-19,2021-12-21T00:00:00Z,4,direct,business,MX,143.48,False,P001
2022-02-19,2022-02-03T00:00:00Z,3,ota,leisure,GB,137.23,False,P001
2022-02-19,2022-01-10T00:00:00Z,4,direct,business,GB,194.59,False,P001
2022-02-19,2022-02-01T00:00:00Z,4,direct,business,GB,174.4,False,P001
2022-02-19,2022-01-07T00:00:00Z,8,direct,business,DE,134.89,False,P001
2022-02-19,2021-12-21T00:00:00Z,2,ota,business,GB,168.32,False,P001
2022-02-20,2022-02-16T00:00:00Z,1,direct,business,US,157.94,False,P001
2022-02-20,2022-02-14T00:00:00Z,2,ota,business,US,172.17,False,P001
2022-02-20,2022-02-11T00:00:00Z,5,direct,leisure,GB,165.47,False,P001
2022-02-20,2022-02-14T00:00:00Z,1,direct,leisure,DE,114.88,False,P001
2022-02-20,2022-02-06T00:00:00Z,3,ota,business,US,119.44,False,P001
2022-02-20,2022-02-11T00:00:00Z,4,direct,leisure,MX,160.05,False,P001
2022-02-20,2022-02-15T00:00:00Z,3,direct,business,DE,115.47,True,P001
2022-02-20,2022-02-16T00:00:00Z,2,ota,business,DE,182.22,True,P001
2022-02-20,2022-02-06T00:00:00Z,2,ota,business,US,158.13,False,P001
2022-02-20,2022-02-17T00:00:00Z,3,direct,business,GB,142.21,False,P001
2022-02-20,2022-02-13T00:00:00Z,4,ota,business,US,134.3,False,P001
2022-02-21,2022-02-16T00:00:00Z,3,direct,leisure,CA,180.99,False,P001
2022-02-21,2022-02-18T00:00:00Z,2,ota,business,CA,117.95,False,P001
2022-02-21,2022-02-06T00:00:00Z,2,ota,leisure,MX,224.14,False,P001
2022-02-21,2022-02-10T00:00:00Z,5,direct,leisure,DE,117.91,False,P001
2022-02-21,2022-01-31T00:00:00Z,3,direct,leisure,US,172.97,False,P001
2022-02-21,2022-02-13T00:00:00Z,2,direct,business,GB,169.27,False,P001
2022-02-21,2022-02-14T00:00:00Z,3,ota,leisure,MX,183.23,False,P001
2022-02-21,2022-01-30T00:00:00Z,2,ota,business,GB,118.71,False,P001
2022-02-22,2022-02-18T00:00:00Z,2,ota,business,CA,171.12,False,P001
2022-02-22,2022-01-06T00:00:00Z,4,direct,leisure,DE,196.53,False,P001
2022-02-22,2022-02-07T00:00:00Z,3,ota,leisure,CA,168.52,False,P001
2022-02-22,2022-02-18T00:00:00Z,4,ota,business,US,141.26,False,P001
2022-02-22,2022-02-14T00:00:00Z,2,direct,business,CA,198.28,False,P001
2022-02-22,2022-02-07T00:00:00Z,1,ota,leisure,CA,172.92,False,P001
2022-02-22,2022-02-20T00:00:00Z,5,ota,business,GB,170.58,False,P001
2022-02-22,2022-02-11T00:00:00Z,7,direct,leisure,MX,160.91,False,P001
2022-02-22,2022-01-13T00:00:00Z,2,direct,leisure,MX,123.63,False,P001
2022-02-22,2022-01-09T00:00:00Z,3,ota,leisure,DE,163.34,False,P001
2022-02-22,2022-02-17T00:00:00Z,6,direct,leisure,US,172.56,False,P001
2022-02-22,2022-01-27T00:00:00Z,5,ota,business,DE,209.0,False,P001
2022-02-23,2022-02-07T00:00:00Z,3,ota,leisure,US,187.11,False,P001
2022-02-23,2022-02-13T00:00:00Z,3,ota,business,DE,169.9,False,P001
2022-02-23,2022-02-02T00:00:00Z,1,ota,leisure,MX,104.24,False,P001
2022-02-23,2022-01-18T00:00:00Z,2,ota,leisure,US,111.88,False,P001
2022-02-23,2022-02-14T00:00:00Z,2,direct,leisure,US,156.19,False,P001
2022-02-23,2022-01-22T00:00:00Z,5,ota,leisure,MX,112.22,False,P001
2022-02-23,2022-01-18T00:00:00Z,4,ota,business,MX,169.46,False,P001
2022-02-23,2022-02-16T00:00:00Z,2,direct,leisure,MX,111.1,False,P001
2022-02-23,2022-02-10T00:00:00Z,3,direct,leisure,MX,135.93,False,P001
2022-02-23,2022-01-17T00:00:00Z,2,ota,leisure,GB,114.07,False,P001
2022-02-23,2022-02-14T00:00:00Z,1,ota,leisure,GB,132.54,False,P001
2022-02-23,2022-01-25T00:00:00Z,3,direct,leisure,US,118.5,False,P001
2022-02-23,2022-02-16T00:00:00Z,3,ota,business,DE,145.44,False,P001
2022-02-23,2022-02-18T00:00:00Z,4,ota,leisure,GB,219.75,False,P001
2022-02-24,2022-02-20T00:00:00Z,4,ota,business,MX,103.91,False,P001
2022-02-24,2022-02-17T00:00:00Z,3,ota,business,CA,132.62,False,P001
2022-02-24,2022-02-21T00:00:00Z,8,ota,leisure,GB,152.46,False,P001
2022-02-24,2022-02-18T00:00:00Z,2,direct,leisure,US,151.57,False,P001
2022-02-24,2022-02-15T00:00:00Z,1,direct,business,MX,144.3,False,P001
2022-02-24,2022-02-16T00:00:00Z,1,direct,business,DE,124.81,False,P001
2022-02-24,2022-02-19T00:00:00Z,3,ota,leisure,GB,154.1,False,P001
2022-02-24,2022-01-22T00:00:00Z,2,ota,leisure,DE,162.37,False,P001
2022-02-24,2022-02-07T00:00:00Z,7,direct,leisure,CA,106.59,False,P001
2022-02-24,2022-02-09T00:00:00Z,3,ota,leisure,DE,184.79,False,P001
2022-02-24,2022-02-09T00:00:00Z,5,direct,business,MX,127.96,True,P001
2022-02-24,2022-02-17T00:00:00Z,2,ota,leisure,DE,155.16,False,P001
2022-02-24,2021-12-26T00:00:00Z,4,ota,business,DE,157.56,False,P001
2022-02-24,2022-02-21T00:00:00Z,3,ota,leisure,CA,99.2,False,P001
2022-02-24,2022-02-07T00:00:00Z,4,ota,business,MX,155.21,False,P001
2022-02-24,2022-02-13T00:00:00Z,5,ota,business,CA,202.03,False,P001
2022-02-25,2022-02-20T00:00:00Z,4,ota,business,CA,65.08,False,P001
2022-02-25,2022-02-18T00:00:00Z,3,direct,business,US,125.78,False,P001
2022-02-25,2022-01-25T00:00:00Z,2,direct,business,MX,148.66,False,P001
2022-02-25,2022-02-22T00:00:00Z,2,ota,business,GB,121.77,False,P001
2022-02-25,2022-02-06T00:00:00Z,1,ota,business,MX,141.59,False,P001
2022-02-25,2022-02-19T00:00:00Z,1,ota,business,DE,140.65,False,P001
2022-02-25,2022-02-17T00:00:00Z,5,ota,business,CA,118.57,False,P001
2022-02-25,2022-01-25T00:00:00Z,2,direct,leisure,US,150.67,False,P001
2022-02-25,2022-01-23T00:00:00Z,2,ota,business,DE,232.94,False,P001
2022-02-25,2022-02-20T00:00:00Z,3,direct,business,MX,151.7,True,P001
2022-02-25,2022-02-11T00:00:00Z,2,ota,business,US,133.89,False,P001
2022-02-25,2022-02-07T00:00:00Z,2,direct,business,DE,139.97,False,P001
2022-02-25,2022-02-13T00:00:00Z,1,ota,business,MX,155.35,False,P001
2022-02-25,2022-02-20T00:00:00Z,4,direct,leisure,CA,139.16,False,P001
2022-02-25,2022-01-12T00:00:00Z,1,ota,business,CA,136.93,True,P001
2022-02-25,2022-01-23T00:00:00Z,3,ota,business,CA,152.27,False,P001
2022-02-25,2022-01-08T00:00:00Z,1,direct,business,MX,107.46,False,P001
2022-02-25,2022-02-20T00:00:00Z,4,direct,leisure,GB,166.11,False,P001
2022-02-26,2022-02-16T00:00:00Z,2,direct,business,DE,115.66,False,P001
2022-02-26,2022-02-10T00:00:00Z,1,direct,leisure,US,119.64,False,P001
2022-02-26,2022-02-20T00:00:00Z,2,direct,business,DE,166.91,False,P001
2022-02-26,2022-02-23T00:00:00Z,5,ota,business,CA,129.17,False,P001
2022-02-26,2022-02-22T00:00:00Z,4,ota,leisure,CA,139.58,False,P001
2022-02-26,2022-02-07T00:00:00Z,3,direct,leisure,US,153.07,False,P001
2022-02-26,2022-02-18T00:00:00Z,2,direct,leisure,DE,142.48,False,P001
2022-02-26,2021-12-28T00:00:00Z,5,ota,business,MX,207.67,False,P001
2022-02-26,2022-02-09T00:00:00Z,3,ota,business,US,115.08,False,P001
2022-02-26,2022-02-15T00:00:00Z,1,ota,business,CA,115.56,False,P001
2022-02-26,2022-02-15T00:00:00Z,5,direct,leisure,US,136.91,False,P001
2022-02-26,2022-02-12T00:00:00Z,1,direct,business,GB,173.66,False,P001
2022-02-26,2021-12-28T00:00:00Z,3,direct,leisure,CA,108.53,False,P001
2022-02-26,2022-02-23T00:00:00Z,6,direct,business,MX,156.05,False,P001
2022-02-27,2022-02-01T00:00:00Z,2,ota,business,MX,162.09,False,P001
2022-02-27,2022-02-12T00:00:00Z,2,direct,leisure,CA,143.64,False,P001
2022-02-27,2022-02-20T00:00:00Z,2,direct,business,GB,122.34,False,P001
2022-02-27,2022-01-04T00:00:00Z,2,ota,business,GB,148.48,False,P001
2022-02-27,2022-02-20T00:00:00Z,4,ota,business,CA,134.39,False,P001
2022-02-27,2022-02-04T00:00:00Z,4,ota,business,GB,142.49,False,P001
2022-02-27,2022-02-24T00:00:00Z,3,ota,business,MX,161.67,False,P001
2022-02-27,2022-01-25T00:00:00Z,4,direct,business,GB,100.07,False,P001
2022-02-27,2022-02-23T00:00:00Z,3,direct,business,GB,162.89,False,P001
2022-02-27,2021-12-29T00:00:00Z,3,ota,leisure,DE,135.76,False,P001
2022-02-27,2022-02-05T00:00:00Z,3,direct,leisure,GB,189.59,False,P001
2022-02-27,2022-01-24T00:00:00Z,6,direct,business,CA,181.9,False,P001
2022-02-27,2022-02-18T00:00:00Z,4,ota,business,US,146.6,False,P001
2022-02-27,2022-02-21T00:00:00Z,7,direct,business,CA,113.19,False,P001
2022-02-27,2022-02-11T00:00:00Z,1,direct,leisure,MX,140.74,False,P001
2022-02-28,2021-12-30T00:00:00Z,1,direct,business,US,133.73,False,P001
2022-02-28,2022-01-27T00:00:00Z,4,ota,leisure,US,123.95,False,P001
2022-02-28,2022-02-18T00:00:00Z,2,direct,business,CA,101.61,False,P001
2022-02-28,2022-02-17T00:00:00Z,4,direct,leisure,MX,110.88,False,P001
2022-02-28,2022-02-18T00:00:00Z,4,direct,business,MX,105.84,False,P001
2022-02-28,2022-02-21T00:00:00Z,3,ota,business,CA,111.54,False,P001
2022-02-28,2022-01-21T00:00:00Z,1,ota,leisure,CA,81.95,False,P001
2022-02-28,2022-02-21T00:00:00Z,4,ota,business,MX,134.9,False,P001
2022-02-28,2022-02-19T00:00:00Z,3,ota,leisure,US,157.9,False,P001
2022-02-28,2022-02-24T00:00:00Z,3,ota,business,CA,226.56,False,P001
2022-02-28,2022-02-07T00:00:00Z,3,direct,business,GB,120.04,False,P001
2022-02-28,2022-02-18T00:00:00Z,2,ota,business,CA,170.7,False,P001
2022-02-28,2022-02-08T00:00:00Z,1,ota,business,CA,193.01,False,P001
2022-02-28,2022-02-20T00:00:00Z,6,ota,business,DE,110.39,False,P001
2022-02-28,2021-12-30T00:00:00Z,2,direct,leisure,DE,154.84,False,P001
2022-02-28,2022-01-04T00:00:00Z,4,ota,business,GB,133.29,False,P001
2022-02-28,2022-02-21T00:00:00Z,3,direct,leisure,DE,170.71,False,P001
2022-02-28,2021-12-31T00:00:00Z,1,ota,business,MX,174.75,False,P001
2022-03-01,2022-02-02T00:00:00Z,4,direct,leisure,CA,121.51,False,P001
2022-03-01,2022-01-05T00:00:00Z,3,direct,leisure,MX,142.74,False,P001
2022-03-01,2022-01-22T00:00:00Z,5,ota,business,MX,187.1,False,P001
2022-03-01,2022-02-20T00:00:00Z,2,direct,business,DE,209.19,False,P001
2022-03-01,2022-02-24T00:00:00Z,5,ota,business,US,137.64,False,P001
2022-03-01,2022-02-22T00:00:00Z,3,ota,leisure,MX,110.15,False,P001
2022-03-01,2022-02-17T00:00:00Z,3,direct,business,MX,200.12,False,P001
2022-03-01,2022-01-08T00:00:00Z,6,ota,leisure,CA,156.19,False,P001
2022-03-01,2022-02-08T00:00:00Z,7,direct,leisure,US,134.6,False,P001
2022-03-01,2022-02-11T00:00:00Z,4,ota,leisure,CA,108.22,False,P001
2022-03-01,2022-02-26T00:00:00Z,3,direct,leisure,GB,76.58,True,P001
2022-03-01,2022-02-23T00:00:00Z,2,ota,leisure,MX,129.09,False,P001
2022-03-01,2022-02-19T00:00:00Z,3,ota,business,DE,144.32,False,P001
2022-03-02,2022-02-05T00:00:00Z,1,ota,business,GB,158.45,False,P001
2022-03-02,2022-02-27T00:00:00Z,3,ota,business,CA,202.76,False,P001
2022-03-02,2022-01-31T00:00:00Z,3,ota,business,US,131.85,False,P001
2022-03-02,2022-02-23T00:00:00Z,2,ota,leisure,GB,129.69,False,P001
2022-03-02,2022-02-22T00:00:00Z,4,ota,leisure,CA,166.03,True,P001
2022-03-02,2022-02-22T00:00:00Z,5,ota,leisure,DE,171.93,False,P001
2022-03-02,2022-02-16T00:00:00Z,5,ota,leisure,US,199.74,False,P001
2022-03-02,2022-02-21T00:00:00Z,2,direct,leisure,US,131.83,False,P001
2022-03-02,2022-02-10T00:00:00Z,3,direct,business,GB,136.05,False,P001
2022-03-02,2022-02-23T00:00:00Z,1,direct,business,DE,146.23,False,P001
2022-03-02,2022-02-07T00:00:00Z,1,ota,leisure,GB,190.76,False,P001
2022-03-02,2022-02-25T00:00:00Z,3,direct,leisure,GB,142.84,False,P001
2022-03-02,2022-02-11T00:00:00Z,7,direct,leisure,CA,161.03,False,P001
2022-03-02,2022-02-04T00:00:00Z,4,direct,business,MX,144.54,False,P001
2022-03-02,2022-02-12T00:00:00Z,3,ota,business,MX,136.85,False,P001
2022-03-02,2022-02-22T00:00:00Z,2,direct,business,CA,160.78,False,P001
2022-03-02,2022-01-01T00:00:00Z,2,direct,leisure,DE,152.15,False,P001
2022-03-02,2022-02-20T00:00:00Z,1,ota,business,CA,147.56,False,P001
2022-03-03,2022-02-20T00:00:00Z,2,direct,business,GB,112.02,True,P001
2022-03-03,2022-01-02T00:00:00Z,2,direct,leisure,US,136.36,False,P001
2022-03-03,2022-01-02T00:00:00Z,2,direct,business,US,103.97,False,P001
2022-03-03,2022-01-27T00:00:00Z,3,ota,leisure,GB,160.84,False,P001
2022-03-03,2022-01-21T00:00:00Z,2,direct,business,MX,148.57,False,P001
2022-03-03,2022-02-20T00:00:00Z,3,ota,business,US,133.1,False,P001
2022-03-03,2022-02-24T00:00:00Z,2,ota,leisure,GB,125.34,False,P001
2022-03-03,2022-02-25T00:00:00Z,2,ota,business,GB,184.02,False,P001
2022-03-03,2022-02-26T00:00:00Z,2,ota,leisure,DE,136.21,False,P001
2022-03-03,2022-01-10T00:00:00Z,2,ota,business,DE,135.55,False,P001
2022-03-03,2022-02-27T00:00:00Z,4,ota,business,DE,150.52,False,P001
2022-03-03,2022-01-31T00:00:00Z,3,direct,leisure,GB,152.76,False,P001
2022-03-03,2022-01-14T00:00:00Z,3,ota,leisure,US,145.81,False,P001
2022-03-03,2022-02-23T00:00:00Z,4,direct,leisure,US,201.6,False,P001
2022-03-03,2022-02-04T00:00:00Z,5,direct,business,DE,179.64,False,P001
2022-03-03,2022-02-14T00:00:00Z,2,ota,leisure,US,163.78,False,P001
2022-03-04,2022-01-23T00:00:00Z,2,ota,leisure,MX,123.75,False,P001
2022-03-04,2022-02-17T00:00:00Z,7,direct,leisure,DE,132.38,False,P001
2022-03-04,2022-02-26T00:00:00Z,1,ota,business,DE,152.16,False,P001
2022-03-04,2022-02-13T00:00:00Z,4,direct,business,CA,162.46,False,P001
2022-03-04,2022-02-24T00:00:00Z,5,ota,leisure,CA,143.33,False,P001
2022-03-04,2022-01-09T00:00:00Z,2,ota,business,US,121.6,False,P001
2022-03-04,2022-02-23T00:00:00Z,3,direct,business,DE,206.63,False,P001
2022-03-04,2022-01-18T00:00:00Z,2,ota,leisure,DE,155.42,True,P001
2022-03-04,2022-01-07T00:00:00Z,2,ota,business,US,129.98,False,P001
2022-03-04,2022-02-20T00:00:00Z,7,direct,business,DE,140.86,False,P001
2022-03-05,2022-02-27T00:00:00Z,3,direct,business,CA,156.39,False,P001
2022-03-05,2022-02-28T00:00:00Z,2,direct,business,US,140.3,False,P001
2022-03-05,2022-02-10T00:00:00Z,2,direct,business,US,150.77,False,P001
2022-03-05,2022-01-04T00:00:00Z,1,ota,business,DE,167.04,False,P001
2022-03-05,2022-02-21T00:00:00Z,2,direct,leisure,GB,189.05,False,P001
2022-03-05,2022-01-08T00:00:00Z,3,ota,leisure,MX,178.18,False,P001
2022-03-05,2022-02-28T00:00:00Z,6,ota,business,GB,93.95,False,P001
2022-03-05,2022-02-17T00:00:00Z,2,ota,business,MX,153.67,False,P001
2022-03-05,2022-02-10T00:00:00Z,4,direct,business,GB,95.19,False,P001
2022-03-05,2022-03-01T00:00:00Z,4,direct,leisure,CA,180.47,False,P001
2022-03-05,2022-02-09T00:00:00Z,2,ota,business,DE,123.95,False,P001
2022-03-05,2022-03-03T00:00:00Z,4,direct,business,DE,131.31,False,P001
2022-03-05,2022-02-17T00:00:00Z,1,direct,business,CA,166.73,False,P001
2022-03-05,2022-02-25T00:00:00Z,4,ota,leisure,US,148.95,False,P001
2022-03-05,2022-03-02T00:00:00Z,2,ota,business,GB,136.6,False,P001
2022-03-05,2022-02-28T00:00:00Z,3,direct,leisure,CA,116.24,False,P001
2022-03-05,2022-02-23T00:00:00Z,4,direct,business,US,155.45,False,P001
2022-03-06,2022-02-11T00:00:00Z,1,ota,business,DE,123.17,False,P001
2022-03-06,2022-03-01T00:00:00Z,2,direct,leisure,MX,160.85,False,P001
2022-03-06,2022-01-05T00:00:00Z,6,ota,business,MX,173.05,False,P001
2022-03-06,2022-01-29T00:00:00Z,2,ota,business,GB,190.46,False,P001
2022-03-06,2022-02-24T00:00:00Z,2,direct,leisure,DE,228.85,False,P001
2022-03-06,2022-01-19T00:00:00Z,6,ota,leisure,CA,170.22,False,P001
2022-03-06,2022-02-26T00:00:00Z,2,direct,leisure,US,158.96,False,P001
2022-03-06,2022-02-07T00:00:00Z,2,direct,business,DE,158.15,False,P001
2022-03-06,2022-02-20T00:00:00Z,3,ota,leisure,CA,164.21,False,P001
2022-03-06,2022-03-03T00:00:00Z,3,direct,leisure,GB,155.93,False,P001
2022-03-06,2022-02-22T00:00:00Z,1,direct,leisure,CA,140.18,False,P001
2022-03-06,2022-01-05T00:00:00Z,3,direct,leisure,GB,152.67,False,P001
2022-03-06,2022-03-01T00:00:00Z,6,ota,leisure,DE,147.95,True,P001
2022-03-06,2022-02-28T00:00:00Z,3,ota,business,DE,158.6,False,P001
2022-03-07,2022-02-09T00:00:00Z,1,direct,leisure,CA,221.34,False,P001
2022-03-07,2022-01-25T00:00:00Z,5,direct,leisure,US,183.12,False,P001
2022-03-07,2022-02-24T00:00:00Z,5,direct,business,DE,185.45,False,P001
2022-03-07,2022-02-27T00:00:00Z,2,ota,business,MX,135.38,False,P001
2022-03-07,2022-02-25T00:00:00Z,4,direct,business,DE,157.83,False,P001
2022-03-07,2022-02-16T00:00:00Z,2,direct,business,MX,220.55,False,P001
2022-03-07,2022-03-03T00:00:00Z,5,ota,leisure,GB,132.34,False,P001
2022-03-07,2022-03-04T00:00:00Z,3,direct,leisure,GB,89.5,False,P001
2022-03-07,2022-02-26T00:00:00Z,3,ota,leisure,MX,173.8,False,P001
2022-03-07,2022-02-21T00:00:00Z,4,direct,leisure,MX,193.17,False,P001
2022-03-07,2022-02-22T00:00:00Z,2,direct,business,US,137.98,False,P001
2022-03-07,2022-01-13T00:00:00Z,1,ota,business,MX,131.71,False,P001
2022-03-07,2022-02-18T00:00:00Z,3,direct,business,GB,112.91,False,P001
2022-03-07,2022-03-04T00:00:00Z,4,direct,business,GB,129.86,False,P001
2022-03-07,2022-02-25T00:00:00Z,4,direct,business,US,175.12,False,P001
2022-03-07,2022-01-21T00:00:00Z,4,ota,leisure,GB,140.4,False,P001
2022-03-07,2022-02-17T00:00:00Z,5,ota,leisure,US,134.65,False,P001
2022-03-07,2022-01-06T00:00:00Z,3,ota,business,CA,185.72,False,P001
2022-03-07,2022-01-31T00:00:00Z,4,direct,leisure,MX,178.67,False,P001
2022-03-07,2022-02-19T00:00:00Z,6,direct,business,DE,158.23,False,P001
2022-03-07,2022-02-07T00:00:00Z,4,direct,leisure,CA,128.36,False,P001
2022-03-07,2022-02-17T00:00:00Z,4,ota,business,CA,177.22,True,P001
2022-03-07,2022-02-24T00:00:00Z,1,ota,leisure,CA,114.0,False,P001
2022-03-07,2022-02-22T00:00:00Z,1,direct,leisure,DE,158.55,False,P001
2022-03-08,2022-02-11T00:00:00Z,4,direct,business,GB,154.01,False,P001
2022-03-08,2022-02-03T00:00:00Z,2,direct,business,CA,171.5,False,P001
2022-03-08,2022-03-04T00:00:00Z,3,ota,business,DE,131.42,False,P001
2022-03-08,2022-02-02T00:00:00Z,3,direct,business,DE,133.54,False,P001
2022-03-08,2022-02-22T00:00:00Z,2,direct,leisure,CA,162.48,False,P001
2022-03-08,2022-03-05T00:00:00Z,5,direct,business,CA,141.54,False,P001
2022-03-08,2022-02-13T00:00:00Z,2,direct,business,DE,173.24,False,P001
2022-03-08,2022-03-04T00:00:00Z,1,direct,business,GB,205.02,False,P001
2022-03-08,2022-01-20T00:00:00Z,3,ota,business,DE,166.67,False,P001
2022-03-08,2022-03-03T00:00:00Z,2,direct,business,MX,153.53,False,P001
2022-03-08,2022-02-14T00:00:00Z,3,ota,business,CA,157.11,False,P001
2022-03-08,2022-02-08T00:00:00Z,3,direct,leisure,MX,172.47,False,P001
2022-03-08,2022-02-26T00:00:00Z,4,ota,leisure,US,209.46,False,P001
2022-03-08,2022-03-02T00:00:00Z,3,direct,business,DE,142.8,False,P001
2022-03-08,2022-02-14T00:00:00Z,6,direct,leisure,US,179.5,False,P001
2022-03-08,2022-02-20T00:00:00Z,5,ota,leisure,DE,194.08,False,P001
2022-03-08,2022-03-03T00:00:00Z,3,ota,business,MX,166.29,False,P001
2022-03-09,2022-03-01T00:00:00Z,1,ota,business,DE,165.0,False,P001
2022-03-09,2022-02-25T00:00:00Z,2,direct,business,MX,166.3,False,P001
2022-03-09,2022-03-05T00:00:00Z,2,direct,leisure,US,121.79,False,P001
2022-03-09,2022-02-05T00:00:00Z,2,ota,business,DE,141.47,False,P001
2022-03-09,2022-03-02T00:00:00Z,3,ota,business,MX,192.85,False,P001
2022-03-09,2022-02-04T00:00:00Z,6,ota,business,GB,188.04,False,P001
2022-03-09,2022-01-08T00:00:00Z,4,direct,leisure,CA,181.39,False,P001
2022-03-09,2022-02-28T00:00:00Z,1,direct,leisure,DE,126.07,False,P001
2022-03-09,2022-02-28T00:00:00Z,3,ota,leisure,GB,165.08,True,P001
2022-03-09,2022-03-06T00:00:00Z,1,direct,leisure,GB,88.36,False,P001
2022-03-09,2022-02-27T00:00:00Z,1,ota,business,DE,163.31,False,P001
2022-03-09,2022-01-14T00:00:00Z,4,ota,business,GB,205.83,False,P001
2022-03-09,2022-03-07T00:00:00Z,5,direct,leisure,CA,154.32,False,P001
2022-03-09,2022-02-26T00:00:00Z,7,ota,leisure,MX,126.74,False,P001
2022-03-10,2022-03-05T00:00:00Z,4,direct,business,CA,160.47,False,P001
2022-03-10,2022-01-09T00:00:00Z,1,direct,business,GB,140.22,False,P001
2022-03-10,2022-02-02T00:00:00Z,1,ota,leisure,MX,192.12,False,P001
2022-03-10,2022-02-18T00:00:00Z,5,direct,business,GB,154.31,False,P001
2022-03-10,2022-03-03T00:00:00Z,2,direct,business,GB,141.28,False,P001
2022-03-10,2022-02-13T00:00:00Z,4,direct,business,US,147.55,False,P001
2022-03-10,2022-03-02T00:00:00Z,2,direct,business,CA,157.63,False,P001
2022-03-10,2022-03-07T00:00:00Z,4,direct,leisure,US,122.22,False,P001
2022-03-10,2022-02-13T00:00:00Z,1,direct,business,US,107.64,False,P001
2022-03-10,2022-01-31T00:00:00Z,1,direct,leisure,GB,160.6,False,P001
2022-03-10,2022-02-01T00:00:00Z,3,ota,leisure,CA,128.61,False,P001
2022-03-10,2022-02-28T00:00:00Z,3,direct,business,MX,137.56,False,P001
2022-03-10,2022-03-07T00:00:00Z,4,direct,leisure,GB,90.94,False,P001
2022-03-11,2022-02-18T00:00:00Z,2,direct,business,MX,146.97,False,P001
2022-03-11,2022-03-07T00:00:00Z,1,ota,business,CA,131.01,False,P001
2022-03-11,2022-01-13T00:00:00Z,5,direct,leisure,US,174.51,True,P001
2022-03-11,2022-03-05T00:00:00Z,2,direct,business,MX,130.93,False,P001
2022-03-11,2022-03-07T00:00:00Z,4,ota,leisure,GB,164.51,False,P001
2022-03-11,2022-02-23T00:00:00Z,3,direct,leisure,GB,190.98,False,P001
2022-03-11,2022-03-09T00:00:00Z,5,direct,leisure,DE,171.91,True,P001
2022-03-11,2022-02-19T00:00:00Z,4,direct,business,CA,131.97,False,P001
2022-03-11,2022-02-05T00:00:00Z,2,direct,business,DE,180.91,True,P001
2022-03-11,2022-02-06T00:00:00Z,4,direct,leisure,DE,156.44,False,P001
2022-03-11,2022-02-17T00:00:00Z,6,direct,business,DE,137.04,False,P001
2022-03-11,2022-02-11T00:00:00Z,1,ota,leisure,US,165.15,False,P001
2022-03-11,2022-01-16T00:00:00Z,3,direct,business,US,122.24,True,P001
2022-03-11,2022-03-04T00:00:00Z,2,direct,business,GB,126.59,True,P001
2022-03-11,2022-03-06T00:00:00Z,2,direct,business,CA,186.72,False,P001
2022-03-12,2022-02-28T00:00:00Z,2,ota,leisure,CA,118.65,False,P001
2022-03-12,2022-01-31T00:00:00Z,4,ota,leisure,US,161.29,True,P001
2022-03-12,2022-02-10T00:00:00Z,3,direct,leisure,DE,148.19,False,P001
2022-03-12,2022-03-05T00:00:00Z,3,ota,business,MX,99.99,False,P001
2022-03-12,2022-02-22T00:00:00Z,1,ota,leisure,MX,180.97,False,P001
2022-03-12,2022-03-06T00:00:00Z,4,direct,leisure,DE,146.24,False,P001
2022-03-12,2022-03-04T00:00:00Z,5,direct,leisure,DE,134.2,False,P001
2022-03-12,2022-02-20T00:00:00Z,3,ota,leisure,DE,129.94,True,P001
2022-03-12,2022-03-02T00:00:00Z,4,direct,leisure,US,137.78,False,P001
2022-03-12,2022-02-05T00:00:00Z,1,ota,business,MX,100.07,False,P001
2022-03-12,2022-01-11T00:00:00Z,7,ota,leisure,DE,84.47,False,P001
2022-03-12,2022-02-17T00:00:00Z,4,direct,business,CA,172.44,False,P001
2022-03-13,2022-03-03T00:00:00Z,2,ota,business,US,172.53,False,P001
2022-03-13,2022-01-31T00:00:00Z,3,ota,leisure,DE,166.87,False,P001
2022-03-13,2022-03-09T00:00:00Z,2,direct,leisure,MX,130.8,False,P001
2022-03-13,2022-03-10T00:00:00Z,5,direct,business,MX,136.7,False,P001
2022-03-13,2022-02-27T00:00:00Z,7,direct,leisure,CA,146.45,False,P001
2022-03-13,2022-02-03T00:00:00Z,1,ota,business,US,168.32,False,P001
2022-03-13,2022-03-07T00:00:00Z,3,direct,business,US,162.74,False,P001
2022-03-13,2022-02-15T00:00:00Z,1,ota,business,GB,143.11,True,P001
2022-03-13,2022-03-09T00:00:00Z,1,ota,leisure,MX,158.79,False,P001
2022-03-13,2022-03-10T00:00:00Z,2,direct,business,GB,167.54,False,P001
2022-03-13,2022-01-20T00:00:00Z,6,direct,leisure,GB,122.83,True,P001
2022-03-13,2022-03-03T00:00:00Z,1,direct,business,DE,143.66,False,P001
2022-03-14,2022-02-23T00:00:00Z,3,direct,leisure,CA,94.56,True,P001
2022-03-14,2022-03-09T00:00:00Z,2,direct,leisure,US,159.19,False,P001
2022-03-14,2022-02-12T00:00:00Z,5,ota,leisure,GB,150.21,False,P001
2022-03-14,2022-03-02T00:00:00Z,3,direct,leisure,DE,139.31,False,P001
2022-03-14,2022-02-25T00:00:00Z,5,direct,business,CA,161.62,False,P001
2022-03-14,2022-03-08T00:00:00Z,2,direct,business,DE,126.99,True,P001
2022-03-14,2022-03-06T00:00:00Z,1,direct,business,US,148.6,False,P001
2022-03-14,2022-02-26T00:00:00Z,2,direct,leisure,CA,124.36,False,P001
2022-03-14,2022-02-19T00:00:00Z,5,ota,leisure,US,188.33,False,P001
2022-03-14,2022-01-28T00:00:00Z,2,ota,business,US,185.52,False,P001
2022-03-14,2022-03-04T00:00:00Z,3,direct,leisure,US,194.22,False,P001
2022-03-14,2022-02-13T00:00:00Z,5,direct,business,US,131.9,False,P001
2022-03-14,2022-01-13T00:00:00Z,2,direct,business,GB,166.9,False,P001
2022-03-14,2022-02-22T00:00:00Z,1,ota,business,MX,155.27,False,P001
2022-03-14,2022-01-13T00:00:00Z,5,direct,business,US,150.73,False,P001
2022-03-14,2022-02-11T00:00:00Z,3,direct,leisure,DE,152.63,True,P001
2022-03-14,2022-03-10T00:00:00Z,1,ota,leisure,MX,181.14,False,P001
2022-03-14,2022-02-03T00:00:00Z,4,ota,leisure,US,122.74,False,P001
2022-03-14,2022-03-06T00:00:00Z,3,ota,leisure,DE,182.06,False,P001
2022-03-14,2022-01-13T00:00:00Z,2,ota,business,GB,91.78,False,P001
2022-03-15,2022-03-10T00:00:00Z,1,direct,leisure,MX,158.26,False,P001
2022-03-15,2022-01-14T00:00:00Z,1,direct,business,CA,167.42,False,P001
2022-03-15,2022-03-01T00:00:00Z,3,direct,business,CA,179.39,False,P001
2022-03-15,2022-03-09T00:00:00Z,3,ota,business,GB,134.87,False,P001
2022-03-15,2022-01-14T00:00:00Z,4,ota,business,US,92.39,False,P001
2022-03-15,2022-03-09T00:00:00Z,2,direct,business,DE,182.08,False,P001
2022-03-15,2022-03-09T00:00:00Z,1,ota,business,MX,204.55,False,P001
2022-03-15,2022-01-14T00:00:00Z,3,direct,business,GB,148.09,False,P001
2022-03-15,2022-03-08T00:00:00Z,4,direct,leisure,GB,156.99,False,P001
2022-03-15,2022-03-04T00:00:00Z,3,direct,business,GB,131.1,False,P001
2022-03-15,2022-02-08T00:00:00Z,6,ota,business,DE,97.63,False,P001
2022-03-15,2022-03-02T00:00:00Z,2,ota,leisure,DE,127.42,False,P001
2022-03-15,2022-03-01T00:00:00Z,1,direct,leisure,MX,145.51,False,P001
2022-03-15,2022-02-19T00:00:00Z,2,direct,leisure,CA,125.8,False,P001
2022-03-15,2022-03-09T00:00:00Z,6,ota,business,DE,171.87,False,P001
2022-03-15,2022-03-13T00:00:00Z,2,direct,business,DE,154.53,False,P001
2022-03-15,2022-03-09T00:00:00Z,1,ota,leisure,CA,130.33,False,P001
2022-03-15,2022-02-11T00:00:00Z,4,direct,leisure,CA,153.98,True,P001
2022-03-15,2022-02-18T00:00:00Z,1,direct,leisure,DE,193.38,False,P001
2022-03-15,2022-03-09T00:00:00Z,5,direct,leisure,GB,109.8,False,P001
2022-03-15,2022-02-15T00:00:00Z,7,ota,business,GB,132.6,False,P001
2022-03-16,2022-02-17T00:00:00Z,6,direct,business,CA,118.65,False,P001
2022-03-16,2022-03-04T00:00:00Z,2,ota,business,DE,222.77,True,P001
2022-03-16,2022-03-08T00:00:00Z,1,direct,business,US,167.67,False,P001
2022-03-16,2022-03-08T00:00:00Z,3,direct,business,CA,140.19,False,P001
2022-03-16,2022-02-21T00:00:00Z,4,direct,leisure,CA,109.11,False,P001
2022-03-16,2022-02-24T00:00:00Z,3,direct,business,US,165.9,False,P001
2022-03-16,2022-02-15T00:00:00Z,4,direct,leisure,DE,122.41,False,P001
2022-03-16,2022-02-24T00:00:00Z,5,direct,business,MX,110.26,False,P001
2022-03-16,2022-02-16T00:00:00Z,5,ota,leisure,GB,143.72,False,P001
2022-03-16,2022-01-30T00:00:00Z,4,direct,business,CA,149.25,False,P001
2022-03-16,2022-03-10T00:00:00Z,2,direct,leisure,MX,135.67,False,P001
2022-03-16,2022-02-17T00:00:00Z,1,direct,business,GB,179.98,False,P001
2022-03-16,2022-01-15T00:00:00Z,5,ota,leisure,CA,142.47,False,P001
2022-03-16,2022-02-18T00:00:00Z,3,direct,business,MX,141.67,False,P001
2022-03-16,2022-02-28T00:00:00Z,11,direct,leisure,CA,146.73,False,P001
2022-03-17,2022-03-11T00:00:00Z,4,direct,business,DE,132.01,False,P001
2022-03-17,2022-03-05T00:00:00Z,2,ota,leisure,DE,204.37,True,P001
2022-03-17,2022-03-12T00:00:00Z,3,direct,leisure,MX,79.15,False,P001
2022-03-17,2022-03-09T00:00:00Z,2,direct,business,MX,104.06,False,P001
2022-03-17,2022-01-22T00:00:00Z,3,ota,leisure,CA,160.98,False,P001
2022-03-17,2022-02-19T00:00:00Z,2,ota,leisure,GB,127.14,False,P001
2022-03-17,2022-03-11T00:00:00Z,2,direct,leisure,GB,128.08,False,P001
2022-03-17,2022-03-12T00:00:00Z,2,ota,business,GB,162.47,False,P001
2022-03-17,2022-02-04T00:00:00Z,2,ota,leisure,GB,122.07,False,P001
2022-03-17,2022-03-13T00:00:00Z,1,ota,business,CA,137.94,False,P001
2022-03-17,2022-03-12T00:00:00Z,2,direct,business,CA,131.14,False,P001
2022-03-17,2022-03-09T00:00:00Z,3,ota,business,CA,121.76,False,P001
2022-03-17,2022-02-22T00:00:00Z,2,direct,leisure,GB,105.85,False,P001
2022-03-17,2022-03-02T00:00:00Z,1,direct,business,CA,158.67,False,P001
2022-03-17,2022-02-12T00:00:00Z,3,direct,business,MX,81.37,False,P001
2022-03-18,2022-02-16T00:00:00Z,2,ota,leisure,DE,151.33,False,P001
2022-03-18,2022-03-07T00:00:00Z,6,direct,business,CA,161.09,False,P001
2022-03-18,2022-03-13T00:00:00Z,6,ota,business,GB,147.18,False,P001
2022-03-18,2022-02-20T00:00:00Z,6,ota,leisure,MX,157.06,False,P001
2022-03-18,2022-03-02T00:00:00Z,6,ota,leisure,GB,152.79,False,P001
2022-03-18,2022-03-12T00:00:00Z,4,direct,leisure,CA,144.89,False,P001
2022-03-18,2022-03-09T00:00:00Z,5,ota,leisure,DE,138.9,False,P001
2022-03-18,2022-02-26T00:00:00Z,3,direct,business,DE,171.07,False,P001
2022-03-18,2022-02-25T00:00:00Z,5,ota,business,MX,113.89,False,P001
2022-03-18,2022-01-17T00:00:00Z,1,ota,leisure,CA,162.46,False,P001
2022-03-18,2022-03-05T00:00:00Z,2,ota,business,MX,138.24,True,P001
2022-03-18,2022-03-03T00:00:00Z,3,ota,leisure,GB,96.86,False,P001
2022-03-19,2022-03-11T00:00:00Z,3,direct,leisure,DE,196.38,False,P001
2022-03-19,2022-01-18T00:00:00Z,2,ota,business,CA,141.73,True,P001
2022-03-19,2022-03-03T00:00:00Z,3,ota,business,CA,184.06,False,P001
2022-03-19,2022-03-10T00:00:00Z,1,direct,business,GB,129.7,False,P001
2022-03-19,2022-01-18T00:00:00Z,1,ota,business,CA,91.91,False,P001
2022-03-19,2022-01-31T00:00:00Z,1,ota,leisure,GB,161.85,True,P001
2022-03-19,2022-03-12T00:00:00Z,5,ota,leisure,GB,146.71,True,P001
2022-03-19,2022-02-10T00:00:00Z,2,direct,leisure,MX,164.46,True,P001
2022-03-19,2022-03-13T00:00:00Z,3,direct,business,CA,183.01,False,P001
2022-03-19,2022-03-12T00:00:00Z,1,direct,business,DE,186.14,False,P001
2022-03-19,2022-03-01T00:00:00Z,3,direct,leisure,US,149.07,False,P001
2022-03-19,2022-03-13T00:00:00Z,1,direct,leisure,CA,178.92,False,P001
2022-03-19,2022-03-16T00:00:00Z,4,direct,leisure,DE,228.64,False,P001
2022-03-19,2022-02-26T00:00:00Z,2,direct,business,GB,98.71,False,P001
2022-03-20,2022-02-23T00:00:00Z,1,direct,business,GB,128.58,False,P001
2022-03-20,2022-03-07T00:00:00Z,1,ota,business,DE,159.05,False,P001
2022-03-20,2022-03-12T00:00:00Z,2,direct,business,DE,125.04,False,P001
2022-03-20,2022-03-15T00:00:00Z,7,ota,business,US,131.77,False,P001
2022-03-20,2022-03-12T00:00:00Z,3,direct,business,DE,145.3,False,P001
2022-03-20,2022-03-18T00:00:00Z,1,direct,business,CA,147.66,False,P001
2022-03-20,2022-03-13T00:00:00Z,10,ota,leisure,US,148.17,False,P001
2022-03-20,2022-01-25T00:00:00Z,3,ota,business,GB,182.0,False,P001
2022-03-20,2022-03-11T00:00:00Z,1,direct,leisure,DE,161.82,False,P001
2022-03-20,2022-03-12T00:00:00Z,2,ota,leisure,US,116.92,True,P001
2022-03-20,2022-03-14T00:00:00Z,2,ota,business,DE,149.04,False,P001
2022-03-20,2022-02-14T00:00:00Z,2,direct,leisure,MX,133.18,False,P001
2022-03-20,2022-01-26T00:00:00Z,3,ota,business,GB,167.94,False,P001
2022-03-20,2022-03-10T00:00:00Z,1,direct,business,CA,111.54,False,P001
2022-03-21,2022-03-06T00:00:00Z,1,ota,leisure,US,138.3,False,P001
2022-03-21,2022-02-12T00:00:00Z,4,ota,leisure,GB,140.13,False,P001
2022-03-21,2022-03-11T00:00:00Z,3,ota,leisure,MX,96.81,False,P001
2022-03-21,2022-01-26T00:00:00Z,2,ota,leisure,CA,155.43,False,P001
2022-03-21,2022-03-04T00:00:00Z,4,direct,leisure,DE,96.86,True,P001
2022-03-21,2022-03-08T00:00:00Z,5,direct,leisure,CA,165.95,False,P001
2022-03-21,2022-03-12T00:00:00Z,1,ota,leisure,US,195.59,False,P001
2022-03-21,2022-02-18T00:00:00Z,3,ota,leisure,MX,196.56,True,P001
2022-03-21,2022-03-18T00:00:00Z,3,ota,leisure,CA,184.48,False,P001
2022-03-21,2022-02-26T00:00:00Z,1,direct,business,GB,156.47,False,P001
2022-03-21,2022-03-14T00:00:00Z,4,ota,leisure,DE,145.2,False,P001
2022-03-21,2022-03-17T00:00:00Z,1,ota,leisure,CA,193.0,True,P001
2022-03-22,2022-03-18T00:00:00Z,3,ota,leisure,DE,112.04,False,P001
2022-03-22,2022-03-13T00:00:00Z,7,direct,leisure,US,101.41,False,P001
2022-03-22,2022-02-26T00:00:00Z,5,ota,leisure,US,135.66,False,P001
2022-03-22,2022-03-17T00:00:00Z,5,ota,leisure,US,180.68,True,P001
2022-03-22,2022-02-10T00:00:00Z,1,direct,business,MX,152.62,False,P001
2022-03-22,2022-01-21T00:00:00Z,1,direct,business,US,178.49,False,P001
2022-03-22,2022-03-03T00:00:00Z,3,direct,business,GB,180.88,False,P001
2022-03-22,2022-02-22T00:00:00Z,6,direct,business,GB,146.76,False,P001
2022-03-22,2022-03-15T00:00:00Z,2,direct,leisure,MX,205.12,False,P001
2022-03-22,2022-02-12T00:00:00Z,3,direct,leisure,CA,119.09,False,P001
2022-03-22,2022-03-07T00:00:00Z,4,ota,leisure,US,137.73,True,P001
2022-03-23,2022-03-07T00:00:00Z,3,direct,leisure,DE,126.6,False,P001
2022-03-23,2022-03-20T00:00:00Z,4,direct,leisure,DE,131.19,False,P001
2022-03-23,2022-02-19T00:00:00Z,3,direct,business,DE,131.84,False,P001
2022-03-23,2022-03-16T00:00:00Z,1,ota,leisure,MX,168.76,False,P001
2022-03-23,2022-02-20T00:00:00Z,4,direct,business,GB,151.53,True,P001
2022-03-23,2022-03-15T00:00:00Z,5,direct,business,GB,190.83,False,P001
2022-03-23,2022-02-25T00:00:00Z,1,direct,leisure,MX,113.84,False,P001
2022-03-23,2022-03-01T00:00:00Z,1,direct,leisure,CA,131.37,False,P001
2022-03-23,2022-02-05T00:00:00Z,4,ota,leisure,MX,245.07,False,P001
2022-03-23,2022-03-17T00:00:00Z,1,direct,business,CA,143.84,False,P001
2022-03-23,2022-03-15T00:00:00Z,3,ota,business,US,104.07,False,P001
2022-03-23,2022-02-11T00:00:00Z,1,ota,leisure,GB,157.85,False,P001
2022-03-23,2022-01-22T00:00:00Z,2,ota,business,US,186.42,False,P001
2022-03-23,2022-03-05T00:00:00Z,3,ota,business,GB,112.53,False,P001
2022-03-23,2022-03-08T00:00:00Z,1,ota,business,CA,125.77,False,P001
2022-03-24,2022-03-20T00:00:00Z,4,ota,business,GB,161.31,False,P001
2022-03-24,2022-03-17T00:00:00Z,1,direct,leisure,GB,108.95,False,P001
2022-03-24,2022-02-27T00:00:00Z,2,direct,leisure,DE,179.6,False,P001
2022-03-24,2022-03-20T00:00:00Z,2,ota,leisure,US,99.25,False,P001
2022-03-24,2022-02-24T00:00:00Z,1,ota,business,US,172.42,False,P001
2022-03-24,2022-03-17T00:00:00Z,1,ota,leisure,GB,157.83,False,P001
2022-03-24,2022-02-14T00:00:00Z,3,ota,business,MX,198.52,False,P001
2022-03-24,2022-03-12T00:00:00Z,6,direct,business,MX,156.37,False,P001
2022-03-24,2022-02-06T00:00:00Z,1,ota,business,MX,197.86,False,P001
2022-03-24,2022-02-14T00:00:00Z,3,direct,leisure,MX,206.57,False,P001
2022-03-24,2022-03-13T00:00:00Z,5,ota,leisure,DE,87.17,False,P001
2022-03-24,2022-03-09T00:00:00Z,8,ota,leisure,DE,163.4,False,P001
2022-03-25,2022-03-11T00:00:00Z,3,ota,leisure,CA,192.95,False,P001
2022-03-25,2022-03-01T00:00:00Z,3,direct,leisure,US,137.41,False,P001
2022-03-25,2022-03-19T00:00:00Z,5,direct,business,DE,154.55,False,P001
2022-03-25,2022-02-23T00:00:00Z,3,direct,business,CA,124.6,False,P001
2022-03-25,2022-01-24T00:00:00Z,2,ota,leisure,CA,92.6,False,P001
2022-03-25,2022-03-17T00:00:00Z,1,ota,leisure,GB,101.17,False,P001
2022-03-25,2022-01-29T00:00:00Z,3,direct,business,GB,139.42,True,P001
2022-03-25,2022-03-07T00:00:00Z,4,direct,leisure,GB,148.49,False,P001
2022-03-25,2022-03-07T00:00:00Z,4,ota,business,US,158.1,False,P001
2022-03-25,2022-02-23T00:00:00Z,4,ota,leisure,CA,201.55,False,P001
2022-03-25,2022-03-05T00:00:00Z,7,direct,leisure,GB,140.12,False,P001
2022-03-25,2022-01-24T00:00:00Z,5,direct,leisure,GB,203.14,False,P001
2022-03-25,2022-02-26T00:00:00Z,2,direct,business,CA,171.85,True,P001
2022-03-25,2022-03-12T00:00:00Z,2,ota,business,CA,170.64,False,P001
2022-03-26,2022-03-23T00:00:00Z,1,ota,leisure,DE,135.13,False,P001
2022-03-26,2022-03-19T00:00:00Z,2,ota,leisure,US,117.94,False,P001
2022-03-26,2022-03-22T00:00:00Z,5,direct,business,GB,106.32,False,P001
2022-03-26,2022-02-21T00:00:00Z,1,direct,business,US,167.34,False,P001
2022-03-26,2022-02-20T00:00:00Z,2,ota,leisure,GB,121.11,False,P001
2022-03-26,2022-03-22T00:00:00Z,2,direct,leisure,CA,147.91,False,P001
2022-03-26,2022-03-22T00:00:00Z,4,direct,leisure,US,154.42,False,P001
2022-03-26,2022-02-03T00:00:00Z,4,direct,leisure,DE,153.98,False,P001
2022-03-26,2022-01-25T00:00:00Z,1,ota,leisure,MX,159.47,False,P001
2022-03-26,2022-03-15T00:00:00Z,1,ota,leisure,GB,149.17,False,P001
2022-03-26,2022-02-11T00:00:00Z,5,direct,leisure,CA,188.2,False,P001
2022-03-26,2022-03-21T00:00:00Z,4,direct,business,CA,166.97,False,P001
2022-03-26,2022-02-25T00:00:00Z,4,ota,business,US,126.94,True,P001
2022-03-26,2022-03-14T00:00:00Z,3,ota,leisure,DE,159.45,False,P001
2022-03-26,2022-02-25T00:00:00Z,4,ota,leisure,US,113.68,False,P001
2022-03-26,2022-02-07T00:00:00Z,4,direct,business,US,166.99,False,P001
2022-03-26,2022-03-08T00:00:00Z,2,ota,business,US,85.78,False,P001
2022-03-27,2022-03-01T00:00:00Z,2,ota,business,GB,164.79,False,P001
2022-03-27,2022-03-23T00:00:00Z,3,ota,business,MX,154.13,False,P001
2022-03-27,2022-03-17T00:00:00Z,6,direct,business,GB,136.46,False,P001
2022-03-27,2022-03-19T00:00:00Z,3,direct,business,GB,149.39,False,P001
2022-03-27,2022-03-11T00:00:00Z,2,direct,business,DE,163.16,False,P001
2022-03-27,2022-03-21T00:00:00Z,3,ota,leisure,DE,150.74,False,P001
2022-03-27,2022-03-22T00:00:00Z,4,direct,leisure,CA,193.4,False,P001
2022-03-27,2022-03-25T00:00:00Z,3,ota,business,DE,119.4,False,P001
2022-03-27,2022-03-02T00:00:00Z,4,direct,business,GB,166.9,False,P001
2022-03-27,2022-01-26T00:00:00Z,3,ota,leisure,CA,162.25,False,P001
2022-03-27,2022-02-10T00:00:00Z,4,ota,leisure,US,165.84,False,P001
2022-03-27,2022-03-21T00:00:00Z,1,direct,leisure,MX,111.84,False,P001
2022-03-27,2022-03-22T00:00:00Z,4,direct,business,MX,153.75,False,P001
2022-03-27,2022-03-19T00:00:00Z,4,direct,business,US,137.58,True,P001
2022-03-27,2022-03-21T00:00:00Z,5,ota,business,GB,124.63,False,P001
2022-03-28,2022-02-04T00:00:00Z,2,direct,business,MX,80.82,False,P001
2022-03-28,2022-03-19T00:00:00Z,2,direct,leisure,DE,165.98,False,P001
2022-03-28,2022-02-08T00:00:00Z,1,ota,leisure,CA,173.71,False,P001
2022-03-28,2022-03-02T00:00:00Z,3,direct,business,MX,167.98,False,P001
2022-03-28,2022-01-27T00:00:00Z,1,direct,business,US,132.24,False,P001
2022-03-28,2022-02-15T00:00:00Z,3,ota,business,MX,161.8,False,P001
2022-03-28,2022-01-27T00:00:00Z,4,ota,business,CA,152.89,False,P001
2022-03-28,2022-01-27T00:00:00Z,4,direct,leisure,MX,154.95,True,P001
2022-03-28,2022-02-26T00:00:00Z,8,ota,business,GB,111.21,False,P001
2022-03-28,2022-02-25T00:00:00Z,6,direct,business,US,135.74,False,P001
2022-03-28,2022-03-24T00:00:00Z,3,ota,business,GB,124.6,False,P001
2022-03-28,2022-03-21T00:00:00Z,7,ota,leisure,CA,178.87,False,P001
2022-03-28,2022-03-22T00:00:00Z,1,direct,leisure,US,141.4,False,P001
2022-03-28,2022-03-24T00:00:00Z,3,direct,business,MX,176.81,False,P001
2022-03-28,2022-03-01T00:00:00Z,3,ota,leisure,GB,133.14,False,P001
2022-03-28,2022-03-22T00:00:00Z,2,ota,leisure,CA,149.02,False,P001
2022-03-29,2022-01-28T00:00:00Z,7,direct,business,US,172.58,False,P001
2022-03-29,2022-03-10T00:00:00Z,3,ota,leisure,US,194.12,False,P001
2022-03-29,2022-03-10T00:00:00Z,5,ota,leisure,MX,133.1,True,P001
2022-03-29,2022-03-21T00:00:00Z,3,direct,business,US,180.58,False,P001
2022-03-29,2022-03-12T00:00:00Z,1,direct,business,GB,138.05,False,P001
2022-03-29,2022-03-23T00:00:00Z,2,ota,business,US,127.01,False,P001
2022-03-29,2022-02-08T00:00:00Z,3,ota,leisure,GB,150.47,False,P001
2022-03-29,2022-03-18T00:00:00Z,2,ota,leisure,GB,138.96,False,P001
2022-03-29,2022-03-26T00:00:00Z,2,ota,business,CA,121.24,False,P001
2022-03-29,2022-02-05T00:00:00Z,5,direct,business,CA,143.3,False,P001
2022-03-29,2022-03-07T00:00:00Z,5,ota,business,US,107.86,False,P001
2022-03-29,2022-02-26T00:00:00Z,3,direct,business,GB,147.83,False,P001
2022-03-29,2022-02-28T00:00:00Z,4,ota,leisure,MX,157.54,False,P001
2022-03-29,2022-02-25T00:00:00Z,3,direct,business,US,183.39,True,P001
2022-03-29,2022-02-24T00:00:00Z,6,direct,business,CA,152.77,False,P001
2022-03-30,2022-03-06T00:00:00Z,4,ota,leisure,DE,175.37,False,P001
2022-03-30,2022-02-21T00:00:00Z,7,direct,business,US,158.08,False,P001
2022-03-30,2022-03-07T00:00:00Z,2,direct,business,MX,105.72,False,P001
2022-03-30,2022-02-18T00:00:00Z,1,direct,leisure,MX,138.8,False,P001
2022-03-30,2022-03-26T00:00:00Z,3,ota,leisure,CA,174.29,True,P001
2022-03-30,2022-03-17T00:00:00Z,4,direct,leisure,DE,162.18,False,P001
2022-03-30,2022-03-28T00:00:00Z,2,direct,leisure,MX,123.28,False,P001
2022-03-30,2022-03-22T00:00:00Z,1,ota,business,CA,156.11,False,P001
2022-03-30,2022-03-26T00:00:00Z,2,direct,business,MX,123.91,False,P001
2022-03-30,2022-02-16T00:00:00Z,2,direct,leisure,MX,130.5,False,P001
2022-03-30,2022-03-17T00:00:00Z,2,direct,leisure,MX,123.71,False,P001
2022-03-30,2022-03-11T00:00:00Z,4,direct,business,MX,144.83,False,P001
2022-03-30,2022-02-23T00:00:00Z,3,direct,business,US,80.15,False,P001
2022-03-30,2022-03-11T00:00:00Z,3,direct,business,DE,201.26,True,P001
2022-03-30,2022-03-15T00:00:00Z,1,ota,leisure,DE,227.83,False,P001
2022-03-31,2022-03-27T00:00:00Z,1,direct,leisure,MX,132.18,False,P001
2022-03-31,2022-03-13T00:00:00Z,1,direct,leisure,GB,139.35,False,P001
2022-03-31,2022-03-21T00:00:00Z,4,direct,leisure,CA,148.03,True,P001
2022-03-31,2022-03-26T00:00:00Z,4,ota,business,CA,156.55,True,P001
2022-03-31,2022-02-18T00:00:00Z,1,direct,business,MX,120.79,False,P001
2022-03-31,2022-03-02T00:00:00Z,1,direct,business,CA,121.95,False,P001
2022-03-31,2022-03-15T00:00:00Z,3,direct,business,GB,140.26,True,P001
2022-03-31,2022-02-21T00:00:00Z,1,direct,business,GB,156.23,False,P001
2022-03-31,2022-02-17T00:00:00Z,3,direct,business,DE,200.05,False,P001
2022-03-31,2022-02-28T00:00:00Z,3,ota,leisure,DE,137.78,False,P001
2022-03-31,2022-01-30T00:00:00Z,2,ota,business,DE,162.84,False,P001
2022-03-31,2022-03-26T00:00:00Z,1,direct,leisure,DE,178.89,False,P001
2022-03-31,2022-03-23T00:00:00Z,2,ota,business,GB,112.95,False,P001
2022-03-31,2022-03-24T00:00:00Z,4,direct,leisure,DE,184.87,True,P001
2022-03-31,2022-03-28T00:00:00Z,1,ota,leisure,DE,123.53,False,P001
2022-03-31,2022-03-26T00:00:00Z,3,ota,leisure,US,154.24,False,P001
2022-01-01,2021-11-23T00:00:00Z,2,ota,business,US,200.62,False,P002
2022-01-01,2021-12-19T00:00:00Z,4,ota,business,GB,146.51,False,P002
2022-01-01,2021-12-19T00:00:00Z,3,direct,leisure,GB,133.85,False,P002
2022-01-01,2021-12-26T00:00:00Z,3,ota,business,MX,138.9,False,P002
2022-01-01,2021-11-02T00:00:00Z,5,ota,leisure,CA,182.75,False,P002
2022-01-01,2021-12-24T00:00:00Z,5,ota,business,DE,123.4,False,P002
2022-01-01,2021-12-21T00:00:00Z,3,direct,leisure,MX,173.09,False,P002
2022-01-01,2021-11-30T00:00:00Z,2,ota,business,DE,114.02,False,P002
2022-01-01,2021-12-28T00:00:00Z,4,direct,business,MX,142.33,False,P002
2022-01-01,2021-12-29T00:00:00Z,4,direct,business,GB,134.72,False,P002
2022-01-01,2021-11-29T00:00:00Z,5,direct,leisure,CA,153.54,False,P002
2022-01-01,2021-12-27T00:00:00Z,1,direct,business,CA,205.02,False,P002
2022-01-01,2021-12-29T00:00:00Z,2,ota,business,DE,118.99,False,P002
2022-01-02,2021-12-24T00:00:00Z,2,ota,business,GB,199.43,True,P002
2022-01-02,2021-12-27T00:00:00Z,3,ota,business,GB,191.85,False,P002
2022-01-02,2021-12-27T00:00:00Z,4,ota,leisure,MX,181.79,False,P002
2022-01-02,2021-11-30T00:00:00Z,7,ota,leisure,CA,153.06,True,P002
2022-01-02,2021-12-23T00:00:00Z,4,direct,business,CA,156.49,False,P002
2022-01-02,2021-12-04T00:00:00Z,4,direct,business,US,155.78,False,P002
2022-01-02,2021-11-21T00:00:00Z,6,direct,business,GB,117.69,False,P002
2022-01-02,2021-12-27T00:00:00Z,5,ota,leisure,CA,129.84,True,P002
2022-01-02,2021-12-22T00:00:00Z,3,ota,leisure,DE,155.27,False,P002
2022-01-03,2021-11-06T00:00:00Z,2,ota,business,MX,132.25,False,P002
2022-01-03,2021-12-26T00:00:00Z,2,direct,business,DE,166.58,False,P002
2022-01-03,2021-12-26T00:00:00Z,2,direct,leisure,GB,115.15,False,P002
2022-01-03,2021-12-16T00:00:00Z,1,ota,leisure,MX,156.5,False,P002
2022-01-03,2021-11-04T00:00:00Z,4,direct,business,US,190.62,False,P002
2022-01-03,2021-12-26T00:00:00Z,3,direct,business,DE,164.62,False,P002
2022-01-03,2021-11-04T00:00:00Z,1,direct,business,US,154.07,False,P002
2022-01-03,2021-12-22T00:00:00Z,1,ota,leisure,DE,140.29,False,P002
2022-01-03,2021-12-30T00:00:00Z,1,ota,leisure,US,171.74,False,P002
2022-01-03,2021-12-07T00:00:00Z,2,ota,business,DE,181.59,False,P002
2022-01-03,2021-12-22T00:00:00Z,2,ota,business,DE,174.62,False,P002
2022-01-03,2021-11-04T00:00:00Z,5,direct,business,CA,160.37,False,P002
2022-01-03,2021-12-26T00:00:00Z,2,ota,leisure,DE,158.19,True,P002
2022-01-03,2021-12-17T00:00:00Z,1,direct,business,US,171.64,False,P002
2022-01-03,2021-11-23T00:00:00Z,4,direct,business,MX,135.93,False,P002
2022-01-03,2021-12-20T00:00:00Z,3,direct,leisure,US,158.24,True,P002
2022-01-03,2021-11-04T00:00:00Z,1,ota,business,DE,211.57,False,P002
2022-01-03,2021-12-07T00:00:00Z,2,ota,leisure,GB,101.6,False,P002
2022-01-03,2021-12-06T00:00:00Z,3,ota,leisure,GB,176.69,False,P002
2022-01-04,2021-12-25T00:00:00Z,3,ota,business,US,183.04,False,P002
2022-01-04,2021-11-05T00:00:00Z,1,direct,business,GB,160.78,False,P002
2022-01-04,2021-12-26T00:00:00Z,2,direct,leisure,US,101.13,False,P002
2022-01-04,2021-12-10T00:00:00Z,5,ota,business,MX,165.44,False,P002
2022-01-04,2021-11-13T00:00:00Z,4,direct,business,MX,159.12,False,P002
2022-01-04,2021-12-31T00:00:00Z,2,ota,business,CA,156.14,False,P002
2022-01-04,2021-12-07T00:00:00Z,1,ota,business,MX,171.52,True,P002
2022-01-04,2021-12-14T00:00:00Z,5,direct,business,CA,126.41,False,P002
2022-01-04,2021-12-07T00:00:00Z,1,direct,leisure,MX,165.68,False,P002
2022-01-04,2021-11-05T00:00:00Z,3,ota,leisure,DE,145.3,False,P002
2022-01-04,2022-01-01T00:00:00Z,3,ota,business,MX,171.99,False,P002
2022-01-04,2021-12-28T00:00:00Z,4,direct,business,CA,118.53,True,P002
2022-01-05,2021-12-31T00:00:00Z,5,ota,business,US,167.22,False,P002
2022-01-05,2021-12-01T00:00:00Z,2,direct,leisure,US,138.27,False,P002
2022-01-05,2021-12-11T00:00:00Z,1,ota,leisure,CA,126.07,False,P002
2022-01-05,2021-12-04T00:00:00Z,3,direct,business,CA,143.14,False,P002
2022-01-05,2021-12-31T00:00:00Z,7,direct,business,DE,139.54,False,P002
2022-01-05,2022-01-02T00:00:00Z,4,direct,leisure,CA,145.27,False,P002
2022-01-05,2021-12-25T00:00:00Z,2,ota,business,MX,181.78,False,P002
2022-01-05,2021-12-28T00:00:00Z,4,ota,leisure,CA,151.26,False,P002
2022-01-05,2021-11-06T00:00:00Z,6,ota,leisure,DE,132.62,False,P002
2022-01-05,2021-12-21T00:00:00Z,4,direct,business,GB,132.34,False,P002
2022-01-05,2021-11-25T00:00:00Z,5,ota,leisure,US,116.33,False,P002
2022-01-05,2022-01-03T00:00:00Z,1,ota,business,MX,134.05,False,P002
2022-01-05,2021-12-23T00:00:00Z,1,direct,business,GB,124.38,False,P002
2022-01-05,2021-11-26T00:00:00Z,4,direct,leisure,US,182.68,False,P002
2022-01-05,2021-12-31T00:00:00Z,1,ota,business,MX,187.34,False,P002
2022-01-05,2021-12-25T00:00:00Z,2,ota,business,DE,174.77,False,P002
2022-01-06,2021-12-28T00:00:00Z,3,direct,leisure,DE,213.05,False,P002
2022-01-06,2021-12-04T00:00:00Z,5,ota,business,DE,146.29,False,P002
2022-01-06,2022-01-01T00:00:00Z,2,ota,business,GB,132.55,True,P002
2022-01-06,2021-11-07T00:00:00Z,2,ota,leisure,US,105.87,False,P002
2022-01-06,2021-12-07T00:00:00Z,2,direct,leisure,US,144.44,False,P002
2022-01-06,2021-12-31T00:00:00Z,3,direct,business,DE,125.73,False,P002
2022-01-06,2021-12-31T00:00:00Z,1,ota,business,CA,154.35,False,P002
2022-01-06,2021-12-14T00:00:00Z,1,direct,business,GB,128.78,False,P002
2022-01-06,2021-12-31T00:00:00Z,3,direct,business,CA,119.4,False,P002
2022-01-06,2021-12-26T00:00:00Z,4,direct,leisure,US,140.4,False,P002
2022-01-06,2021-12-07T00:00:00Z,3,ota,leisure,CA,143.32,False,P002
2022-01-06,2021-11-29T00:00:00Z,2,direct,leisure,DE,182.19,False,P002
2022-01-06,2021-12-31T00:00:00Z,5,direct,leisure,MX,204.19,False,P002
2022-01-06,2021-12-30T00:00:00Z,3,direct,leisure,CA,185.39,False,P002
2022-01-06,2021-12-14T00:00:00Z,1,direct,leisure,US,190.99,False,P002
2022-01-07,2021-11-29T00:00:00Z,2,ota,business,DE,138.05,True,P002
2022-01-07,2021-12-08T00:00:00Z,6,ota,leisure,MX,132.03,False,P002
2022-01-07,2021-12-05T00:00:00Z,4,direct,business,US,110.52,False,P002
2022-01-07,2021-11-08T00:00:00Z,3,direct,leisure,GB,165.02,True,P002
2022-01-07,2021-11-08T00:00:00Z,2,direct,leisure,US,100.1,False,P002
2022-01-07,2022-01-01T00:00:00Z,2,ota,business,GB,192.52,False,P002
2022-01-07,2021-12-30T00:00:00Z,3,direct,business,GB,137.36,False,P002
2022-01-07,2021-12-29T00:00:00Z,1,ota,business,US,158.35,False,P002
2022-01-07,2021-12-04T00:00:00Z,1,direct,business,MX,149.73,False,P002
2022-01-07,2021-11-08T00:00:00Z,1,direct,leisure,DE,155.39,False,P002
2022-01-08,2021-12-09T00:00:00Z,6,direct,leisure,DE,173.29,False,P002
2022-01-08,2021-12-31T00:00:00Z,2,direct,leisure,US,160.07,False,P002
2022-01-08,2021-12-01T00:00:00Z,1,direct,business,DE,174.84,False,P002
2022-01-08,2022-01-04T00:00:00Z,2,ota,leisure,CA,206.5,True,P002
2022-01-08,2021-11-09T00:00:00Z,1,direct,business,DE,108.59,False,P002
2022-01-08,2021-12-12T00:00:00Z,7,ota,business,US,150.76,False,P002
2022-01-08,2021-12-24T00:00:00Z,2,direct,leisure,CA,149.51,False,P002
2022-01-08,2022-01-01T00:00:00Z,3,ota,leisure,MX,118.25,False,P002
2022-01-08,2021-12-13T00:00:00Z,3,ota,leisure,GB,219.4,False,P002
2022-01-08,2021-11-26T00:00:00Z,4,ota,business,CA,131.12,False,P002
2022-01-08,2022-01-04T00:00:00Z,6,ota,leisure,US,136.57,False,P002
2022-01-08,2022-01-02T00:00:00Z,3,direct,leisure,CA,168.38,False,P002
2022-01-08,2022-01-06T00:00:00Z,5,ota,business,DE,136.64,False,P002
2022-01-08,2021-11-27T00:00:00Z,1,direct,business,MX,175.71,False,P002
2022-01-08,2021-12-03T00:00:00Z,1,direct,business,DE,166.5,False,P002
2022-01-08,2021-11-09T00:00:00Z,4,direct,business,MX,109.69,False,P002
2022-01-09,2021-11-30T00:00:00Z,5,direct,leisure,US,130.22,True,P002
2022-01-09,2021-11-11T00:00:00Z,5,ota,business,US,174.23,False,P002
2022-01-09,2022-01-06T00:00:00Z,3,direct,business,GB,141.42,True,P002
2022-01-09,2021-12-23T00:00:00Z,1,ota,business,GB,120.72,False,P002
2022-01-09,2022-01-05T00:00:00Z,1,ota,leisure,MX,113.7,False,P002
2022-01-09,2021-12-16T00:00:00Z,3,direct,business,GB,171.11,False,P002
2022-01-09,2022-01-05T00:00:00Z,2,ota,business,MX,167.85,False,P002
2022-01-09,2022-01-04T00:00:00Z,3,direct,business,CA,160.7,False,P002
2022-01-09,2022-01-01T00:00:00Z,2,direct,business,CA,140.0,False,P002
2022-01-09,2021-11-10T00:00:00Z,1,direct,business,DE,159.72,False,P002
2022-01-10,2022-01-03T00:00:00Z,2,ota,leisure,CA,120.18,False,P002
2022-01-10,2022-01-05T00:00:00Z,2,direct,leisure,US,180.72,False,P002
2022-01-10,2022-01-05T00:00:00Z,4,direct,leisure,CA,130.07,False,P002
2022-01-10,2021-12-23T00:00:00Z,2,ota,leisure,US,151.62,False,P002
2022-01-10,2021-12-21T00:00:00Z,1,ota,leisure,US,154.31,False,P002
2022-01-10,2021-11-11T00:00:00Z,4,ota,business,DE,130.71,False,P002
2022-01-10,2022-01-07T00:00:00Z,4,ota,leisure,GB,191.27,False,P002
2022-01-10,2022-01-08T00:00:00Z,5,ota,business,GB,140.13,False,P002
2022-01-10,2022-01-03T00:00:00Z,4,direct,business,DE,133.13,False,P002
2022-01-10,2021-12-27T00:00:00Z,5,direct,business,US,114.43,False,P002
2022-01-10,2022-01-04T00:00:00Z,4,ota,business,DE,151.11,True,P002
2022-01-10,2021-12-18T00:00:00Z,1,direct,leisure,CA,110.35,False,P002
2022-01-10,2022-01-04T00:00:00Z,1,ota,business,DE,194.35,False,P002
2022-01-11,2021-12-07T00:00:00Z,1,ota,leisure,MX,125.2,False,P002
2022-01-11,2021-12-04T00:00:00Z,1,ota,leisure,US,117.0,True,P002
2022-01-11,2022-01-08T00:00:00Z,1,direct,business,US,149.7,False,P002
2022-01-11,2022-01-07T00:00:00Z,2,direct,leisure,US,94.57,False,P002
2022-01-11,2021-11-22T00:00:00Z,3,direct,leisure,MX,173.14,True,P002
2022-01-11,2021-11-12T00:00:00Z,2,direct,leisure,DE,129.96,True,P002
2022-01-11,2021-12-03T00:00:00Z,1,ota,business,GB,164.38,True,P002
2022-01-11,2021-11-18T00:00:00Z,3,ota,leisure,US,163.72,False,P002
2022-01-12,2021-12-31T00:00:00Z,3,ota,business,MX,133.8,False,P002
2022-01-12,2022-01-03T00:00:00Z,3,ota,leisure,MX,171.29,False,P002
2022-01-12,2021-12-29T00:00:00Z,3,direct,leisure,CA,126.58,False,P002
2022-01-12,2021-12-26T00:00:00Z,6,direct,business,US,176.6,False,P002
2022-01-12,2021-11-13T00:00:00Z,2,direct,leisure,GB,153.52,True,P002
2022-01-12,2022-01-09T00:00:00Z,3,ota,business,MX,117.02,False,P002
2022-01-12,2022-01-09T00:00:00Z,4,ota,business,CA,113.62,False,P002
2022-01-12,2021-12-19T00:00:00Z,5,direct,business,DE,146.01,False,P002
2022-01-12,2022-01-02T00:00:00Z,1,direct,business,CA,112.94,False,P002
2022-01-13,2022-01-06T00:00:00Z,2,ota,leisure,MX,139.17,False,P002
2022-01-13,2021-12-10T00:00:00Z,2,direct,business,CA,111.98,False,P002
2022-01-13,2021-12-04T00:00:00Z,1,ota,business,CA,158.25,False,P002
2022-01-13,2021-11-17T00:00:00Z,5,ota,leisure,GB,142.33,False,P002
2022-01-13,2021-12-26T00:00:00Z,1,direct,leisure,CA,174.57,False,P002
2022-01-13,2022-01-07T00:00:00Z,2,ota,leisure,GB,104.0,False,P002
2022-01-13,2021-12-14T00:00:00Z,6,ota,business,DE,121.6,False,P002
2022-01-13,2022-01-08T00:00:00Z,2,direct,business,CA,115.49,False,P002
2022-01-13,2021-12-25T00:00:00Z,1,direct,leisure,MX,184.6,False,P002
2022-01-13,2021-11-19T00:00:00Z,7,direct,leisure,MX,157.46,False,P002
2022-01-13,2022-01-02T00:00:00Z,4,ota,leisure,US,111.84,False,P002
2022-01-13,2022-01-07T00:00:00Z,3,direct,business,US,197.55,False,P002
2022-01-13,2022-01-05T00:00:00Z,2,direct,leisure,US,193.87,False,P002
2022-01-13,2022-01-08T00:00:00Z,1,direct,leisure,US,188.05,False,P002
2022-01-13,2022-01-04T00:00:00Z,5,direct,leisure,MX,126.14,False,P002
2022-01-13,2021-12-08T00:00:00Z,2,ota,business,US,145.36,False,P002
2022-01-13,2021-12-12T00:00:00Z,5,ota,business,MX,135.99,False,P002
2022-01-13,2021-12-10T00:00:00Z,1,ota,business,CA,140.0,False,P002
2022-01-13,2022-01-06T00:00:00Z,5,ota,business,GB,172.12,False,P002
2022-01-13,2022-01-05T00:00:00Z,2,direct,business,GB,150.92,False,P002
2022-01-13,2022-01-09T00:00:00Z,3,ota,business,US,176.89,True,P002
2022-01-14,2021-11-15T00:00:00Z,3,direct,leisure,DE,140.18,False,P002
2022-01-14,2021-12-19T00:00:00Z,4,direct,business,DE,216.0,True,P002
2022-01-14,2022-01-06T00:00:00Z,2,direct,business,GB,151.37,False,P002
2022-01-14,2022-01-06T00:00:00Z,3,direct,business,US,160.94,False,P002
2022-01-14,2022-01-05T00:00:00Z,3,direct,business,GB,152.22,False,P002
2022-01-14,2022-01-03T00:00:00Z,4,ota,leisure,DE,109.8,False,P002
2022-01-14,2021-12-25T00:00:00Z,2,ota,business,US,169.92,False,P002
2022-01-14,2021-12-28T00:00:00Z,4,direct,leisure,CA,184.19,True,P002
2022-01-14,2022-01-05T00:00:00Z,2,direct,business,US,107.51,False,P002
2022-01-14,2022-01-05T00:00:00Z,4,ota,leisure,US,131.17,True,P002
2022-01-14,2021-11-26T00:00:00Z,1,direct,leisure,CA,128.07,False,P002
2022-01-14,2022-01-07T00:00:00Z,1,ota,business,MX,227.28,False,P002
2022-01-14,2022-01-10T00:00:00Z,1,direct,business,CA,168.47,False,P002
2022-01-14,2021-11-15T00:00:00Z,2,direct,leisure,GB,151.48,False,P002
2022-01-14,2021-12-24T00:00:00Z,4,direct,leisure,CA,200.96,False,P002
2022-01-14,2021-11-15T00:00:00Z,6,ota,leisure,GB,195.24,False,P002
2022-01-14,2022-01-07T00:00:00Z,2,ota,business,US,115.95,False,P002
2022-01-15,2021-12-29T00:00:00Z,3,ota,leisure,CA,207.85,True,P002
2022-01-15,2021-12-06T00:00:00Z,2,ota,leisure,US,142.78,False,P002
2022-01-15,2022-01-12T00:00:00Z,3,ota,business,DE,134.0,False,P002
2022-01-15,2021-12-31T00:00:00Z,1,direct,business,MX,165.55,False,P002
2022-01-15,2021-12-23T00:00:00Z,4,direct,leisure,US,79.33,False,P002
2022-01-15,2022-01-08T00:00:00Z,2,ota,business,US,118.74,False,P002
2022-01-15,2021-12-29T00:00:00Z,2,direct,business,DE,127.93,False,P002
2022-01-15,2021-11-25T00:00:00Z,1,ota,leisure,MX,176.7,False,P002
2022-01-15,2022-01-08T00:00:00Z,3,ota,business,MX,172.24,False,P002
2022-01-15,2021-12-12T00:00:00Z,2,ota,leisure,GB,148.69,False,P002
2022-01-15,2021-12-22T00:00:00Z,3,direct,leisure,DE,151.8,False,P002
2022-01-15,2021-12-23T00:00:00Z,2,direct,business,DE,169.39,False,P002
2022-01-15,2022-01-12T00:00:00Z,2,ota,leisure,GB,178.36,False,P002
2022-01-15,2022-01-04T00:00:00Z,3,direct,leisure,MX,137.03,False,P002
2022-01-15,2022-01-12T00:00:00Z,6,ota,leisure,DE,175.88,False,P002
2022-01-15,2021-12-31T00:00:00Z,6,direct,leisure,GB,155.27,True,P002
2022-01-15,2021-12-28T00:00:00Z,3,ota,leisure,US,139.91,False,P002
2022-01-15,2021-12-24T00:00:00Z,3,direct,leisure,US,184.85,False,P002
2022-01-15,2021-11-16T00:00:00Z,2,ota,business,MX,144.91,True,P002
2022-01-15,2022-01-02T00:00:00Z,2,ota,business,CA,169.88,False,P002
2022-01-15,2021-12-18T00:00:00Z,6,direct,leisure,CA,147.69,False,P002
2022-01-15,2021-12-02T00:00:00Z,4,ota,leisure,DE,141.54,False,P002
2022-01-15,2021-12-29T00:00:00Z,2,ota,leisure,MX,141.63,False,P002
2022-01-16,2021-12-19T00:00:00Z,2,direct,business,MX,154.74,False,P002
2022-01-16,2022-01-12T00:00:00Z,8,direct,business,CA,141.42,False,P002
2022-01-16,2022-01-02T00:00:00Z,1,ota,business,US,179.06,False,P002
2022-01-16,2021-12-31T00:00:00Z,4,direct,business,US,144.43,False,P002
2022-01-16,2021-12-31T00:00:00Z,2,ota,leisure,US,153.6,False,P002
2022-01-16,2021-12-31T00:00:00Z,4,ota,leisure,GB,141.86,True,P002
2022-01-16,2021-12-09T00:00:00Z,2,ota,business,MX,170.53,False,P002
2022-01-16,2022-01-12T00:00:00Z,1,direct,leisure,GB,89.79,False,P002
2022-01-16,2021-12-05T00:00:00Z,3,direct,leisure,GB,180.43,False,P002
2022-01-16,2021-12-24T00:00:00Z,4,direct,business,GB,153.27,False,P002
2022-01-16,2022-01-11T00:00:00Z,3,ota,business,GB,150.43,False,P002
2022-01-16,2021-11-27T00:00:00Z,3,direct,leisure,DE,122.38,False,P002
2022-01-16,2022-01-05T00:00:00Z,2,ota,leisure,US,134.63,False,P002
2022-01-16,2022-01-11T00:00:00Z,4,direct,business,GB,233.66,False,P002
2022-01-16,2021-11-17T00:00:00Z,1,ota,business,CA,130.92,False,P002
2022-01-16,2021-11-17T00:00:00Z,1,ota,leisure,CA,131.66,False,P002
2022-01-16,2021-11-17T00:00:00Z,1,direct,leisure,US,150.88,False,P002
2022-01-16,2021-11-17T00:00:00Z,3,direct,business,MX,171.01,False,P002
2022-01-16,2021-12-08T00:00:00Z,1,direct,leisure,GB,167.55,True,P002
2022-01-17,2022-01-10T00:00:00Z,3,direct,leisure,DE,192.69,False,P002
2022-01-17,2021-12-30T00:00:00Z,7,direct,leisure,DE,153.76,False,P002
2022-01-17,2021-12-23T00:00:00Z,4,direct,leisure,GB,119.17,False,P002
2022-01-17,2021-12-13T00:00:00Z,4,direct,business,CA,129.25,False,P002
2022-01-17,2022-01-10T00:00:00Z,1,direct,business,DE,165.8,False,P002
2022-01-17,2022-01-11T00:00:00Z,3,ota,leisure,CA,152.84,False,P002
2022-01-17,2021-12-22T00:00:00Z,3,ota,leisure,MX,162.29,True,P002
2022-01-17,2021-12-17T00:00:00Z,6,ota,leisure,DE,173.85,False,P002
2022-01-17,2021-11-18T00:00:00Z,4,direct,leisure,CA,98.35,False,P002
2022-01-17,2021-12-29T00:00:00Z,4,direct,leisure,MX,148.87,False,P002
2022-01-17,2022-01-10T00:00:00Z,2,direct,leisure,GB,191.68,False,P002
2022-01-17,2022-01-11T00:00:00Z,4,direct,business,GB,129.67,False,P002
2022-01-17,2021-11-18T00:00:00Z,5,ota,business,GB,206.13,False,P002
2022-01-17,2022-01-05T00:00:00Z,6,direct,business,MX,199.92,True,P002
2022-01-17,2021-12-24T00:00:00Z,3,ota,business,DE,143.09,False,P002
2022-01-17,2022-01-12T00:00:00Z,1,direct,leisure,GB,138.95,False,P002
2022-01-17,2021-12-26T00:00:00Z,5,ota,leisure,DE,143.66,False,P002
2022-01-17,2021-12-20T00:00:00Z,3,direct,business,CA,173.61,False,P002
2022-01-18,2021-12-29T00:00:00Z,1,ota,business,CA,113.05,False,P002
2022-01-18,2022-01-15T00:00:00Z,1,direct,business,GB,117.21,False,P002
2022-01-18,2022-01-02T00:00:00Z,1,direct,business,MX,169.04,False,P002
2022-01-18,2022-01-13T00:00:00Z,5,ota,leisure,MX,112.7,False,P002
2022-01-18,2021-12-19T00:00:00Z,4,ota,leisure,US,144.6,True,P002
2022-01-18,2021-12-19T00:00:00Z,1,direct,leisure,DE,160.57,False,P002
2022-01-18,2021-12-30T00:00:00Z,1,direct,leisure,GB,155.76,False,P002
2022-01-18,2022-01-08T00:00:00Z,3,direct,business,GB,165.7,True,P002
2022-01-18,2021-12-28T00:00:00Z,3,direct,leisure,CA,136.8,False,P002
2022-01-18,2022-01-11T00:00:00Z,5,ota,leisure,US,105.37,False,P002
2022-01-18,2021-11-25T00:00:00Z,2,direct,leisure,CA,197.04,False,P002
2022-01-18,2021-11-19T00:00:00Z,2,ota,business,DE,135.76,False,P002
2022-01-18,2022-01-10T00:00:00Z,1,ota,leisure,CA,118.47,False,P002
2022-01-19,2022-01-04T00:00:00Z,2,direct,leisure,MX,182.42,False,P002
2022-01-19,2021-11-20T00:00:00Z,1,ota,business,US,192.5,False,P002
2022-01-19,2022-01-08T00:00:00Z,3,ota,business,MX,153.65,False,P002
2022-01-19,2022-01-17T00:00:00Z,4,direct,business,MX,134.48,False,P002
2022-01-19,2022-01-15T00:00:00Z,5,ota,leisure,MX,185.4,False,P002
2022-01-19,2021-11-24T00:00:00Z,2,direct,business,DE,172.53,False,P002
2022-01-19,2022-01-07T00:00:00Z,4,ota,leisure,CA,159.73,False,P002
2022-01-19,2022-01-09T00:00:00Z,3,direct,business,CA,158.86,False,P002
2022-01-19,2021-12-21T00:00:00Z,2,direct,business,MX,131.9,False,P002
2022-01-19,2021-12-25T00:00:00Z,5,ota,leisure,DE,139.41,False,P002
2022-01-19,2021-12-24T00:00:00Z,4,direct,business,US,142.37,False,P002
2022-01-19,2022-01-14T00:00:00Z,1,ota,leisure,GB,107.54,False,P002
2022-01-19,2022-01-17T00:00:00Z,3,ota,business,CA,143.62,False,P002
2022-01-19,2021-12-21T00:00:00Z,3,ota,leisure,MX,163.25,False,P002
2022-01-19,2021-11-24T00:00:00Z,1,ota,business,CA,177.62,False,P002
2022-01-19,2021-12-26T00:00:00Z,1,direct,business,US,168.96,False,P002
2022-01-19,2022-01-14T00:00:00Z,2,direct,business,CA,191.45,False,P002
2022-01-19,2022-01-15T00:00:00Z,2,ota,business,MX,169.59,False,P002
2022-01-19,2022-01-12T00:00:00Z,4,direct,leisure,CA,184.0,False,P002
2022-01-19,2021-12-01T00:00:00Z,5,ota,leisure,CA,184.62,False,P002
2022-01-19,2022-01-09T00:00:00Z,5,direct,business,DE,195.54,False,P002
2022-01-19,2022-01-14T00:00:00Z,1,direct,leisure,DE,119.4,True,P002
2022-01-19,2022-01-17T00:00:00Z,5,direct,leisure,MX,172.68,False,P002
2022-01-19,2022-01-11T00:00:00Z,1,direct,leisure,DE,136.84,False,P002
2022-01-19,2021-12-30T00:00:00Z,4,ota,leisure,DE,127.43,False,P002
2022-01-19,2022-01-14T00:00:00Z,4,ota,leisure,MX,173.51,False,P002
2022-01-19,2021-12-19T00:00:00Z,1,ota,business,DE,184.75,False,P002
2022-01-19,2022-01-07T00:00:00Z,1,direct,leisure,DE,99.68,True,P002
2022-01-20,2022-01-05T00:00:00Z,5,direct,leisure,CA,128.23,False,P002
2022-01-20,2022-01-14T00:00:00Z,5,ota,leisure,DE,148.89,False,P002
2022-01-20,2022-01-08T00:00:00Z,6,ota,leisure,GB,135.81,True,P002
2022-01-20,2022-01-14T00:00:00Z,1,ota,business,GB,166.54,False,P002
2022-01-20,2021-11-29T00:00:00Z,5,direct,leisure,GB,116.11,False,P002
2022-01-20,2021-11-21T00:00:00Z,1,direct,leisure,MX,126.99,False,P002
2022-01-20,2021-11-21T00:00:00Z,2,direct,business,DE,112.91,False,P002
2022-01-20,2022-01-10T00:00:00Z,3,ota,leisure,CA,161.6,False,P002
2022-01-20,2021-12-29T00:00:00Z,6,ota,leisure,CA,159.92,False,P002
2022-01-20,2021-12-09T00:00:00Z,1,ota,leisure,US,182.07,False,P002
2022-01-20,2022-01-15T00:00:00Z,2,direct,business,US,136.96,False,P002
2022-01-21,2022-01-11T00:00:00Z,3,direct,business,GB,173.15,False,P002
2022-01-21,2021-12-22T00:00:00Z,2,ota,business,GB,186.14,False,P002
2022-01-21,2021-12-16T00:00:00Z,5,direct,business,CA,140.25,False,P002
2022-01-21,2021-12-19T00:00:00Z,1,direct,business,DE,131.34,False,P002
2022-01-21,2022-01-15T00:00:00Z,6,direct,business,US,139.01,False,P002
2022-01-21,2022-01-13T00:00:00Z,5,direct,leisure,MX,112.33,True,P002
2022-01-21,2021-12-05T00:00:00Z,3,ota,business,DE,165.99,False,P002
2022-01-22,2022-01-05T00:00:00Z,1,direct,leisure,MX,145.93,False,P002
2022-01-22,2022-01-10T00:00:00Z,3,direct,leisure,GB,228.91,False,P002
2022-01-22,2022-01-11T00:00:00Z,3,direct,business,US,173.39,False,P002
2022-01-22,2022-01-19T00:00:00Z,3,direct,leisure,DE,158.52,False,P002
2022-01-22,2021-12-01T00:00:00Z,1,direct,leisure,CA,119.66,False,P002
2022-01-22,2021-12-23T00:00:00Z,2,direct,business,US,122.74,False,P002
2022-01-22,2022-01-14T00:00:00Z,4,ota,leisure,MX,117.7,False,P002
2022-01-22,2021-12-25T00:00:00Z,4,ota,leisure,DE,208.42,False,P002
2022-01-22,2022-01-01T00:00:00Z,6,ota,business,MX,174.09,False,P002
2022-01-22,2022-01-01T00:00:00Z,1,direct,business,US,105.74,True,P002
2022-01-22,2022-01-11T00:00:00Z,1,direct,leisure,CA,132.77,False,P002
2022-01-22,2022-01-20T00:00:00Z,4,ota,leisure,CA,156.95,False,P002
2022-01-22,2022-01-16T00:00:00Z,3,ota,leisure,MX,182.29,False,P002
2022-01-22,2021-12-17T00:00:00Z,3,direct,business,US,176.31,False,P002
2022-01-22,2022-01-11T00:00:00Z,1,direct,leisure,US,112.24,False,P002
2022-01-23,2021-12-05T00:00:00Z,1,direct,business,US,155.4,False,P002
2022-01-23,2022-01-03T00:00:00Z,5,direct,leisure,GB,138.15,False,P002
2022-01-23,2021-11-24T00:00:00Z,4,direct,leisure,MX,146.29,False,P002
2022-01-23,2022-01-09T00:00:00Z,1,ota,leisure,MX,120.03,False,P002
2022-01-23,2022-01-11T00:00:00Z,3,ota,business,MX,95.82,False,P002
2022-01-23,2022-01-15T00:00:00Z,2,ota,business,CA,206.67,False,P002
2022-01-23,2022-01-18T00:00:00Z,4,direct,business,US,174.64,False,P002
2022-01-23,2022-01-04T00:00:00Z,3,direct,business,GB,150.31,False,P002
2022-01-23,2022-01-16T00:00:00Z,6,direct,business,US,126.03,False,P002
2022-01-24,2021-12-30T00:00:00Z,5,ota,leisure,US,116.54,False,P002
2022-01-24,2022-01-19T00:00:00Z,5,ota,leisure,MX,132.55,False,P002
2022-01-24,2021-12-26T00:00:00Z,4,direct,leisure,MX,120.38,False,P002
2022-01-24,2022-01-19T00:00:00Z,2,direct,leisure,MX,164.93,True,P002
2022-01-24,2021-12-28T00:00:00Z,1,direct,business,DE,97.4,True,P002
2022-01-24,2021-12-09T00:00:00Z,3,direct,leisure,US,151.67,True,P002
2022-01-24,2021-12-22T00:00:00Z,6,direct,leisure,US,148.48,False,P002
2022-01-24,2021-12-20T00:00:00Z,3,direct,business,DE,109.19,False,P002
2022-01-24,2022-01-17T00:00:00Z,5,ota,business,CA,184.78,False,P002
2022-01-24,2022-01-21T00:00:00Z,3,ota,leisure,CA,158.53,False,P002
2022-01-25,2022-01-10T00:00:00Z,5,direct,business,GB,153.76,False,P002
2022-01-25,2022-01-01T00:00:00Z,3,direct,leisure,CA,137.69,False,P002
2022-01-25,2022-01-02T00:00:00Z,1,ota,leisure,US,178.34,False,P002
2022-01-25,2022-01-07T00:00:00Z,3,direct,business,CA,142.4,False,P002
2022-01-25,2022-01-13T00:00:00Z,3,direct,leisure,US,129.11,False,P002
2022-01-25,2022-01-05T00:00:00Z,2,direct,business,MX,110.73,False,P002
2022-01-25,2022-01-05T00:00:00Z,3,direct,leisure,CA,147.82,False,P002
2022-01-25,2021-12-02T00:00:00Z,2,direct,leisure,GB,127.48,False,P002
2022-01-25,2021-11-26T00:00:00Z,1,direct,business,GB,151.5,False,P002
2022-01-25,2022-01-20T00:00:00Z,4,ota,leisure,US,111.23,False,P002
2022-01-25,2022-01-10T00:00:00Z,4,direct,business,CA,180.69,False,P002
2022-01-26,2021-12-02T00:00:00Z,5,ota,business,GB,171.39,False,P002
2022-01-26,2022-01-18T00:00:00Z,2,direct,business,DE,153.6,False,P002
2022-01-26,2022-01-23T00:00:00Z,4,direct,business,CA,180.47,False,P002
2022-01-26,2022-01-04T00:00:00Z,1,ota,leisure,DE,204.64,False,P002
2022-01-26,2022-01-23T00:00:00Z,2,direct,business,DE,211.43,False,P002
2022-01-26,2022-01-23T00:00:00Z,1,direct,business,MX,186.33,True,P002
2022-01-26,2022-01-22T00:00:00Z,3,ota,leisure,DE,151.41,False,P002
2022-01-26,2021-11-27T00:00:00Z,3,ota,leisure,DE,127.04,False,P002
2022-01-26,2022-01-22T00:00:00Z,3,direct,leisure,DE,142.39,False,P002
2022-01-27,2022-01-19T00:00:00Z,2,direct,leisure,CA,136.9,True,P002
2022-01-27,2021-12-29T00:00:00Z,2,ota,leisure,DE,121.87,False,P002
2022-01-27,2021-12-21T00:00:00Z,4,direct,leisure,MX,162.51,False,P002
2022-01-27,2021-12-07T00:00:00Z,3,ota,business,US,129.58,False,P002
2022-01-27,2022-01-14T00:00:00Z,6,direct,business,CA,156.74,False,P002
2022-01-27,2021-12-08T00:00:00Z,3,ota,business,DE,130.52,False,P002
2022-01-27,2022-01-05T00:00:00Z,5,ota,business,US,121.13,False,P002
2022-01-27,2022-01-21T00:00:00Z,3,direct,business,CA,165.15,True,P002
2022-01-27,2022-01-20T00:00:00Z,1,direct,leisure,GB,162.84,True,P002
2022-01-27,2021-12-21T00:00:00Z,4,ota,business,US,162.78,False,P002
2022-01-28,2021-12-31T00:00:00Z,3,ota,leisure,CA,110.11,True,P002
2022-01-28,2021-12-29T00:00:00Z,2,direct,leisure,GB,167.23,False,P002
2022-01-28,2021-12-15T00:00:00Z,1,ota,leisure,US,134.59,True,P002
2022-01-28,2021-12-29T00:00:00Z,3,ota,leisure,MX,125.82,False,P002
2022-01-28,2022-01-03T00:00:00Z,6,direct,business,MX,136.96,False,P002
2022-01-28,2021-12-23T00:00:00Z,1,ota,business,CA,134.35,False,P002
2022-01-28,2022-01-21T00:00:00Z,1,ota,leisure,MX,133.97,False,P002
2022-01-28,2022-01-19T00:00:00Z,1,ota,business,CA,122.71,False,P002
2022-01-28,2021-12-18T00:00:00Z,2,direct,business,DE,177.92,False,P002
2022-01-28,2022-01-26T00:00:00Z,1,direct,leisure,CA,171.77,False,P002
2022-01-28,2022-01-18T00:00:00Z,3,ota,leisure,US,139.27,False,P002
2022-01-29,2021-11-30T00:00:00Z,10,ota,leisure,GB,117.49,True,P002
2022-01-29,2022-01-19T00:00:00Z,1,direct,leisure,GB,158.86,False,P002
2022-01-29,2022-01-11T00:00:00Z,5,ota,leisure,DE,178.42,False,P002
2022-01-29,2022-01-06T00:00:00Z,6,direct,leisure,CA,131.32,False,P002
2022-01-29,2022-01-26T00:00:00Z,2,direct,business,US,136.94,False,P002
2022-01-29,2021-11-30T00:00:00Z,1,ota,leisure,US,131.64,True,P002
2022-01-29,2022-01-21T00:00:00Z,2,ota,leisure,US,164.9,False,P002
2022-01-29,2022-01-26T00:00:00Z,3,direct,leisure,CA,155.1,False,P002
2022-01-29,2022-01-21T00:00:00Z,2,ota,leisure,DE,145.12,False,P002
2022-01-29,2022-01-03T00:00:00Z,3,direct,business,DE,124.41,False,P002
2022-01-30,2022-01-22T00:00:00Z,6,ota,leisure,DE,186.53,False,P002
2022-01-30,2022-01-19T00:00:00Z,4,ota,business,DE,153.73,False,P002
2022-01-30,2021-12-18T00:00:00Z,3,ota,business,GB,188.7,False,P002
2022-01-30,2022-01-19T00:00:00Z,4,ota,leisure,GB,80.91,False,P002
2022-01-30,2022-01-23T00:00:00Z,1,ota,business,DE,150.91,True,P002
2022-01-30,2021-12-25T00:00:00Z,4,direct,business,CA,168.59,False,P002
2022-01-30,2022-01-20T00:00:00Z,3,direct,business,US,144.43,True,P002
2022-01-30,2022-01-14T00:00:00Z,3,direct,business,DE,57.2,False,P002
2022-01-30,2022-01-28T00:00:00Z,3,direct,business,GB,165.74,False,P002
2022-01-30,2022-01-18T00:00:00Z,3,direct,business,US,189.61,False,P002
2022-01-30,2022-01-02T00:00:00Z,2,direct,leisure,CA,169.09,False,P002
2022-01-30,2021-12-23T00:00:00Z,6,ota,leisure,DE,143.34,False,P002
2022-01-30,2022-01-28T00:00:00Z,6,direct,business,GB,93.21,False,P002
2022-01-31,2022-01-05T00:00:00Z,4,ota,business,DE,153.26,False,P002
2022-01-31,2022-01-05T00:00:00Z,2,direct,business,MX,149.55,False,P002
2022-01-31,2021-12-02T00:00:00Z,5,direct,leisure,US,174.14,False,P002
2022-01-31,2021-12-15T00:00:00Z,2,ota,business,GB,106.01,False,P002
2022-01-31,2022-01-18T00:00:00Z,4,ota,business,US,173.58,False,P002
2022-01-31,2022-01-26T00:00:00Z,7,direct,business,US,122.36,False,P002
2022-01-31,2022-01-01T00:00:00Z,4,ota,leisure,GB,99.15,False,P002
2022-01-31,2021-12-03T00:00:00Z,3,direct,business,US,177.52,False,P002
2022-02-01,2021-12-03T00:00:00Z,1,direct,business,GB,148.99,False,P002
2022-02-01,2022-01-28T00:00:00Z,1,ota,business,GB,130.67,False,P002
2022-02-01,2021-12-06T00:00:00Z,3,direct,leisure,GB,193.39,False,P002
2022-02-01,2021-12-03T00:00:00Z,4,ota,business,DE,131.22,False,P002
2022-02-01,2022-01-24T00:00:00Z,6,ota,business,DE,167.2,False,P002
2022-02-01,2022-01-25T00:00:00Z,3,direct,business,CA,165.54,False,P002
2022-02-01,2021-12-08T00:00:00Z,3,ota,business,DE,123.73,False,P002
2022-02-01,2021-12-15T00:00:00Z,1,ota,leisure,MX,179.83,False,P002
2022-02-01,2022-01-26T00:00:00Z,2,ota,leisure,US,161.23,False,P002
2022-02-01,2022-01-29T00:00:00Z,1,direct,business,MX,111.48,False,P002
2022-02-01,2022-01-26T00:00:00Z,3,direct,leisure,US,109.0,True,P002
2022-02-01,2022-01-28T00:00:00Z,2,direct,business,GB,155.24,False,P002
2022-02-01,2022-01-29T00:00:00Z,4,direct,leisure,CA,134.64,True,P002
2022-02-01,2022-01-29T00:00:00Z,5,ota,leisure,GB,163.01,True,P002
2022-02-01,2022-01-10T00:00:00Z,3,direct,business,US,112.65,True,P002
2022-02-01,2022-01-28T00:00:00Z,2,ota,leisure,MX,101.84,False,P002
2022-02-01,2022-01-26T00:00:00Z,1,direct,business,CA,149.65,False,P002
2022-02-01,2022-01-19T00:00:00Z,1,ota,leisure,GB,136.12,False,P002
2022-02-01,2021-12-03T00:00:00Z,5,direct,leisure,US,101.85,False,P002
2022-02-01,2022-01-26T00:00:00Z,2,ota,business,MX,133.46,True,P002
2022-02-01,2021-12-03T00:00:00Z,2,direct,business,MX,156.48,True,P002
2022-02-01,2022-01-29T00:00:00Z,3,ota,business,CA,150.29,False,P002
2022-02-01,2022-01-17T00:00:00Z,1,direct,leisure,CA,138.09,False,P002
2022-02-01,2022-01-13T00:00:00Z,1,ota,business,CA,208.38,False,P002
2022-02-01,2022-01-11T00:00:00Z,2,ota,leisure,MX,159.97,False,P002
2022-02-02,2021-12-26T00:00:00Z,2,ota,leisure,DE,108.57,False,P002
2022-02-02,2021-12-29T00:00:00Z,5,ota,business,CA,169.1,False,P002
2022-02-02,2021-12-23T00:00:00Z,4,direct,leisure,US,175.28,False,P002
2022-02-02,2022-01-26T00:00:00Z,3,ota,leisure,MX,200.0,True,P002
2022-02-02,2021-12-23T00:00:00Z,3,direct,leisure,CA,193.0,False,P002
2022-02-02,2022-01-29T00:00:00Z,3,direct,business,MX,119.46,False,P002
2022-02-02,2021-12-04T00:00:00Z,1,ota,business,MX,77.88,False,P002
2022-02-02,2021-12-31T00:00:00Z,2,direct,leisure,GB,162.32,False,P002
2022-02-02,2022-01-24T00:00:00Z,2,ota,leisure,DE,183.99,True,P002
2022-02-02,2022-01-25T00:00:00Z,4,direct,leisure,DE,174.81,False,P002
2022-02-02,2022-01-12T00:00:00Z,4,ota,leisure,DE,129.94,False,P002
2022-02-02,2022-01-24T00:00:00Z,3,direct,business,DE,160.57,False,P002
2022-02-02,2022-01-06T00:00:00Z,5,direct,business,CA,142.45,False,P002
2022-02-02,2022-01-07T00:00:00Z,2,direct,business,GB,129.38,False,P002
2022-02-02,2022-01-19T00:00:00Z,1,ota,business,DE,203.5,False,P002
2022-02-02,2022-01-30T00:00:00Z,4,ota,business,MX,168.81,False,P002
2022-02-02,2022-01-17T00:00:00Z,5,direct,business,DE,152.59,False,P002
2022-02-02,2022-01-27T00:00:00Z,2,direct,business,MX,103.17,False,P002
2022-02-03,2022-01-24T00:00:00Z,5,direct,business,CA,130.04,False,P002
2022-02-03,2022-01-17T00:00:00Z,2,ota,business,CA,154.84,False,P002
2022-02-03,2022-02-01T00:00:00Z,2,ota,business,CA,193.73,False,P002
2022-02-03,2022-01-24T00:00:00Z,1,ota,leisure,GB,185.44,True,P002
2022-02-03,2022-01-07T00:00:00Z,3,direct,business,DE,123.28,False,P002
2022-02-03,2022-01-08T00:00:00Z,2,direct,leisure,DE,137.61,True,P002
2022-02-03,2022-01-28T00:00:00Z,3,ota,business,GB,141.94,False,P002
2022-02-03,2022-01-29T00:00:00Z,3,direct,business,GB,98.15,False,P002
2022-02-03,2022-01-31T00:00:00Z,3,ota,leisure,CA,139.04,False,P002
2022-02-03,2022-01-29T00:00:00Z,5,ota,business,GB,183.74,False,P002
2022-02-03,2022-01-30T00:00:00Z,1,direct,business,MX,136.82,True,P002
2022-02-04,2022-01-31T00:00:00Z,1,ota,leisure,GB,57.77,False,P002
2022-02-04,2022-01-26T00:00:00Z,1,direct,business,MX,123.03,False,P002
2022-02-04,2021-12-26T00:00:00Z,1,direct,leisure,US,144.96,False,P002
2022-02-04,2022-01-28T00:00:00Z,5,direct,business,US,130.11,False,P002
2022-02-04,2022-01-18T00:00:00Z,1,ota,leisure,CA,133.56,False,P002
2022-02-04,2022-01-30T00:00:00Z,3,ota,leisure,DE,165.89,False,P002
2022-02-04,2022-01-09T00:00:00Z,2,direct,business,CA,121.63,False,P002
2022-02-04,2022-01-13T00:00:00Z,2,direct,business,CA,102.32,False,P002
2022-02-04,2022-01-31T00:00:00Z,3,ota,business,CA,140.55,False,P002
2022-02-04,2021-12-15T00:00:00Z,4,ota,leisure,GB,195.36,True,P002
2022-02-04,2022-01-26T00:00:00Z,4,direct,business,GB,112.19,False,P002
2022-02-04,2021-12-08T00:00:00Z,5,direct,business,GB,149.21,False,P002
2022-02-04,2022-01-09T00:00:00Z,5,ota,business,CA,70.77,False,P002
2022-02-04,2022-01-26T00:00:00Z,2,ota,leisure,GB,157.94,False,P002
2022-02-04,2022-01-13T00:00:00Z,4,direct,leisure,US,135.89,False,P002
2022-02-04,2022-01-06T00:00:00Z,7,ota,leisure,GB,138.83,False,P002
2022-02-05,2022-02-03T00:00:00Z,5,ota,business,GB,148.18,False,P002
2022-02-05,2021-12-23T00:00:00Z,1,direct,leisure,MX,184.53,False,P002
2022-02-05,2022-02-01T00:00:00Z,4,ota,business,DE,177.04,False,P002
2022-02-05,2022-01-28T00:00:00Z,4,direct,leisure,MX,141.08,False,P002
2022-02-05,2022-01-22T00:00:00Z,5,ota,business,MX,139.73,False,P002
2022-02-05,2021-12-29T00:00:00Z,2,direct,leisure,MX,217.3,False,P002
2022-02-05,2022-01-08T00:00:00Z,4,ota,leisure,CA,214.72,False,P002
2022-02-05,2022-01-05T00:00:00Z,4,ota,business,MX,126.96,False,P002
2022-02-05,2021-12-15T00:00:00Z,3,direct,leisure,CA,120.37,False,P002
2022-02-05,2022-01-27T00:00:00Z,3,direct,leisure,MX,170.04,False,P002
2022-02-05,2021-12-30T00:00:00Z,4,ota,leisure,MX,165.02,True,P002
2022-02-05,2022-01-26T00:00:00Z,1,direct,leisure,US,146.91,False,P002
2022-02-05,2021-12-30T00:00:00Z,1,ota,leisure,DE,179.18,False,P002
2022-02-05,2022-01-15T00:00:00Z,4,ota,leisure,MX,170.49,False,P002
2022-02-05,2022-01-25T00:00:00Z,4,ota,business,US,190.92,False,P002
2022-02-05,2022-01-05T00:00:00Z,5,ota,leisure,MX,160.85,False,P002
2022-02-05,2021-12-26T00:00:00Z,8,direct,leisure,GB,159.34,False,P002
2022-02-05,2021-12-27T00:00:00Z,1,direct,leisure,DE,138.41,False,P002
2022-02-05,2021-12-07T00:00:00Z,4,ota,business,DE,173.88,False,P002
2022-02-05,2022-01-31T00:00:00Z,2,direct,leisure,US,170.59,False,P002
2022-02-06,2022-01-20T00:00:00Z,1,ota,leisure,GB,147.71,False,P002
2022-02-06,2022-02-01T00:00:00Z,2,ota,business,CA,104.59,False,P002
2022-02-06,2021-12-25T00:00:00Z,2,ota,leisure,GB,132.64,False,P002
2022-02-06,2021-12-22T00:00:00Z,8,ota,business,DE,172.21,False,P002
2022-02-06,2022-02-02T00:00:00Z,3,direct,business,US,149.68,False,P002
2022-02-06,2021-12-26T00:00:00Z,1,ota,leisure,DE,133.98,False,P002
2022-02-06,2022-02-01T00:00:00Z,5,direct,business,US,145.01,True,P002
2022-02-06,2022-02-03T00:00:00Z,3,ota,business,MX,85.23,True,P002
2022-02-06,2022-01-26T00:00:00Z,3,ota,business,MX,158.44,False,P002
2022-02-06,2022-01-04T00:00:00Z,6,ota,business,DE,88.75,False,P002
2022-02-06,2022-02-01T00:00:00Z,3,direct,leisure,GB,198.04,True,P002
2022-02-06,2021-12-27T00:00:00Z,2,direct,leisure,GB,155.72,False,P002
2022-02-07,2022-01-27T00:00:00Z,1,direct,leisure,GB,184.27,False,P002
2022-02-07,2022-01-29T00:00:00Z,3,ota,leisure,MX,110.74,False,P002
2022-02-07,2022-01-30T00:00:00Z,3,ota,business,CA,143.48,True,P002
2022-02-07,2022-01-20T00:00:00Z,3,ota,leisure,MX,114.65,False,P002
2022-02-07,2022-01-31T00:00:00Z,3,ota,business,DE,122.98,False,P002
2022-02-07,2022-01-25T00:00:00Z,2,ota,leisure,CA,213.74,False,P002
2022-02-07,2022-01-28T00:00:00Z,1,direct,business,GB,158.51,False,P002
2022-02-07,2021-12-14T00:00:00Z,3,ota,leisure,GB,153.7,False,P002
2022-02-07,2022-01-14T00:00:00Z,3,ota,leisure,GB,152.85,False,P002
2022-02-08,2022-01-24T00:00:00Z,4,direct,leisure,GB,176.05,False,P002
2022-02-08,2021-12-26T00:00:00Z,2,ota,leisure,MX,169.34,True,P002
2022-02-08,2022-01-08T00:00:00Z,1,ota,business,US,102.92,False,P002
2022-02-08,2022-02-04T00:00:00Z,1,ota,leisure,US,139.66,True,P002
2022-02-08,2022-02-03T00:00:00Z,1,direct,leisure,MX,164.69,False,P002
2022-02-08,2022-01-19T00:00:00Z,3,direct,leisure,MX,146.51,False,P002
2022-02-08,2022-01-12T00:00:00Z,2,direct,business,CA,111.66,False,P002
2022-02-08,2021-12-24T00:00:00Z,5,ota,leisure,US,118.6,False,P002
2022-02-08,2022-01-23T00:00:00Z,2,direct,leisure,US,174.51,False,P002
2022-02-08,2022-01-27T00:00:00Z,3,direct,leisure,US,184.34,False,P002
2022-02-08,2022-01-28T00:00:00Z,2,direct,business,CA,119.52,False,P002
2022-02-08,2022-02-01T00:00:00Z,3,direct,leisure,CA,149.69,True,P002
2022-02-08,2022-01-02T00:00:00Z,6,ota,business,CA,190.87,False,P002
2022-02-08,2021-12-24T00:00:00Z,2,ota,leisure,GB,136.57,False,P002
2022-02-08,2021-12-30T00:00:00Z,2,ota,leisure,MX,130.21,False,P002
2022-02-08,2022-02-02T00:00:00Z,6,direct,business,CA,128.1,False,P002
2022-02-09,2022-01-13T00:00:00Z,4,ota,leisure,CA,127.25,False,P002
2022-02-09,2021-12-11T00:00:00Z,4,ota,leisure,MX,146.74,False,P002
2022-02-09,2021-12-20T00:00:00Z,1,direct,business,GB,178.31,False,P002
2022-02-09,2022-01-18T00:00:00Z,3,direct,business,MX,113.2,False,P002
2022-02-09,2022-02-03T00:00:00Z,3,direct,leisure,CA,182.14,False,P002
2022-02-09,2022-02-02T00:00:00Z,4,ota,business,GB,146.57,False,P002
2022-02-09,2022-02-02T00:00:00Z,3,ota,business,CA,243.22,False,P002
2022-02-09,2021-12-11T00:00:00Z,2,direct,business,US,127.93,True,P002
2022-02-09,2022-01-31T00:00:00Z,6,ota,leisure,MX,195.46,False,P002
2022-02-09,2021-12-11T00:00:00Z,5,ota,leisure,GB,155.66,True,P002
2022-02-09,2022-01-27T00:00:00Z,4,direct,business,MX,156.59,False,P002
2022-02-09,2021-12-11T00:00:00Z,3,ota,business,DE,220.25,False,P002
2022-02-09,2022-01-16T00:00:00Z,6,direct,business,DE,190.21,False,P002
2022-02-09,2021-12-14T00:00:00Z,2,direct,business,DE,142.08,False,P002
2022-02-09,2022-01-02T00:00:00Z,4,ota,leisure,CA,111.25,False,P002
2022-02-09,2022-02-04T00:00:00Z,5,ota,leisure,US,169.92,False,P002
2022-02-09,2022-01-17T00:00:00Z,3,ota,business,MX,139.75,False,P002
2022-02-09,2022-01-25T00:00:00Z,5,ota,leisure,US,142.87,False,P002
2022-02-10,2022-01-25T00:00:00Z,1,direct,business,MX,146.76,False,P002
2022-02-10,2022-01-25T00:00:00Z,1,direct,business,US,142.55,False,P002
2022-02-10,2022-02-06T00:00:00Z,2,ota,leisure,GB,122.54,False,P002
2022-02-10,2022-02-06T00:00:00Z,4,ota,business,GB,90.03,False,P002
2022-02-10,2022-01-10T00:00:00Z,2,ota,leisure,MX,92.36,False,P002
2022-02-10,2021-12-12T00:00:00Z,5,ota,business,CA,154.31,False,P002
2022-02-10,2022-01-26T00:00:00Z,1,direct,business,US,161.01,False,P002
2022-02-10,2021-12-22T00:00:00Z,4,ota,business,GB,163.54,False,P002
2022-02-10,2022-02-04T00:00:00Z,2,ota,leisure,MX,174.44,False,P002
2022-02-10,2022-01-30T00:00:00Z,1,direct,leisure,CA,159.47,False,P002
2022-02-10,2022-02-08T00:00:00Z,1,direct,leisure,MX,211.83,False,P002
2022-02-10,2022-01-08T00:00:00Z,2,ota,business,US,125.68,False,P002
2022-02-10,2022-02-07T00:00:00Z,1,direct,leisure,DE,120.77,False,P002
2022-02-10,2022-02-02T00:00:00Z,1,direct,leisure,DE,184.78,False,P002
2022-02-10,2022-01-07T00:00:00Z,3,direct,business,DE,164.18,False,P002
2022-02-10,2022-01-20T00:00:00Z,3,ota,business,US,154.36,False,P002
2022-02-10,2022-01-17T00:00:00Z,6,ota,leisure,MX,97.57,False,P002
2022-02-10,2021-12-12T00:00:00Z,3,direct,business,CA,166.78,False,P002
2022-02-11,2022-01-29T00:00:00Z,4,ota,leisure,MX,181.64,False,P002
2022-02-11,2021-12-14T00:00:00Z,3,ota,leisure,CA,137.71,False,P002
2022-02-11,2022-02-08T00:00:00Z,2,direct,business,CA,198.18,False,P002
2022-02-11,2022-01-27T00:00:00Z,4,ota,leisure,MX,197.53,False,P002
2022-02-11,2022-01-24T00:00:00Z,1,ota,leisure,GB,141.91,False,P002
2022-02-11,2022-01-30T00:00:00Z,5,ota,business,DE,139.29,True,P002
2022-02-11,2022-02-08T00:00:00Z,2,direct,leisure,MX,128.46,False,P002
2022-02-11,2022-02-06T00:00:00Z,3,ota,leisure,DE,124.83,False,P002
2022-02-12,2022-02-09T00:00:00Z,1,ota,business,MX,149.29,False,P002
2022-02-12,2022-01-11T00:00:00Z,4,ota,leisure,US,155.77,False,P002
2022-02-12,2022-01-26T00:00:00Z,3,direct,leisure,CA,189.42,False,P002
2022-02-12,2022-02-05T00:00:00Z,1,direct,business,DE,183.19,False,P002
2022-02-12,2022-01-21T00:00:00Z,1,ota,leisure,US,191.3,True,P002
2022-02-12,2022-02-08T00:00:00Z,5,ota,leisure,MX,139.53,False,P002
2022-02-12,2022-01-25T00:00:00Z,5,ota,business,CA,171.28,False,P002
2022-02-12,2022-02-07T00:00:00Z,2,ota,leisure,CA,141.13,False,P002
2022-02-12,2022-02-08T00:00:00Z,2,direct,business,GB,162.41,False,P002
2022-02-13,2021-12-15T00:00:00Z,5,ota,leisure,US,81.02,False,P002
2022-02-13,2021-12-22T00:00:00Z,3,ota,business,CA,140.95,False,P002
2022-02-13,2022-02-10T00:00:00Z,6,direct,business,CA,172.84,False,P002
2022-02-13,2022-01-30T00:00:00Z,3,ota,leisure,DE,152.38,False,P002
2022-02-13,2022-01-25T00:00:00Z,3,direct,business,DE,147.9,True,P002
2022-02-13,2022-02-07T00:00:00Z,3,ota,business,MX,164.58,False,P002
2022-02-13,2021-12-25T00:00:00Z,2,direct,leisure,DE,152.94,False,P002
2022-02-13,2022-01-10T00:00:00Z,5,ota,business,US,164.69,False,P002
2022-02-13,2022-01-19T00:00:00Z,2,ota,leisure,CA,127.8,False,P002
2022-02-13,2022-02-04T00:00:00Z,1,direct,leisure,CA,166.7,False,P002
2022-02-13,2022-01-13T00:00:00Z,3,ota,leisure,DE,154.44,False,P002
2022-02-13,2022-01-20T00:00:00Z,5,direct,business,US,126.98,False,P002
2022-02-13,2022-01-28T00:00:00Z,4,direct,leisure,DE,180.92,False,P002
2022-02-13,2022-02-03T00:00:00Z,2,direct,business,US,164.18,False,P002
2022-02-13,2021-12-15T00:00:00Z,2,direct,business,CA,107.48,False,P002
2022-02-13,2022-02-09T00:00:00Z,3,ota,leisure,CA,151.47,False,P002
2022-02-14,2021-12-16T00:00:00Z,3,ota,leisure,GB,143.17,False,P002
2022-02-14,2021-12-16T00:00:00Z,4,ota,business,GB,160.82,False,P002
2022-02-14,2021-12-20T00:00:00Z,2,ota,business,DE,183.94,False,P002
2022-02-14,2022-02-05T00:00:00Z,2,ota,business,MX,141.94,False,P002
2022-02-14,2022-01-29T00:00:00Z,4,direct,leisure,CA,148.59,False,P002
2022-02-14,2022-02-03T00:00:00Z,2,ota,business,MX,130.56,False,P002
2022-02-14,2022-02-10T00:00:00Z,2,ota,business,US,188.44,False,P002
2022-02-14,2022-01-22T00:00:00Z,3,ota,leisure,US,151.18,False,P002
2022-02-14,2022-01-03T00:00:00Z,1,ota,leisure,CA,131.8,False,P002
2022-02-14,2022-02-09T00:00:00Z,2,direct,leisure,CA,159.41,False,P002
2022-02-15,2022-01-04T00:00:00Z,2,ota,leisure,MX,108.08,False,P002
2022-02-15,2022-02-12T00:00:00Z,1,ota,business,GB,172.97,False,P002
2022-02-15,2021-12-18T00:00:00Z,4,ota,leisure,US,136.7,False,P002
2022-02-15,2022-01-07T00:00:00Z,5,ota,business,GB,140.09,False,P002
2022-02-15,2022-02-10T00:00:00Z,2,direct,leisure,MX,156.47,False,P002
2022-02-15,2022-02-09T00:00:00Z,5,ota,leisure,MX,206.18,False,P002
2022-02-15,2021-12-22T00:00:00Z,4,direct,leisure,MX,124.74,False,P002
2022-02-15,2022-01-13T00:00:00Z,2,direct,leisure,CA,113.68,False,P002
2022-02-15,2022-01-30T00:00:00Z,1,direct,leisure,DE,115.31,False,P002
2022-02-15,2022-01-28T00:00:00Z,1,direct,business,GB,123.86,False,P002
2022-02-15,2022-02-13T00:00:00Z,2,direct,business,MX,113.86,False,P002
2022-02-15,2022-01-22T00:00:00Z,1,ota,leisure,US,123.55,False,P002
2022-02-15,2022-02-02T00:00:00Z,1,direct,business,GB,161.27,False,P002
2022-02-15,2022-01-16T00:00:00Z,3,ota,leisure,DE,170.37,False,P002
2022-02-16,2022-02-14T00:00:00Z,2,ota,leisure,US,141.4,False,P002
2022-02-16,2022-01-19T00:00:00Z,4,ota,leisure,GB,209.29,False,P002
2022-02-16,2022-01-07T00:00:00Z,3,ota,leisure,US,176.04,False,P002
2022-02-16,2022-02-14T00:00:00Z,3,ota,leisure,GB,136.85,False,P002
2022-02-16,2022-01-25T00:00:00Z,1,ota,leisure,MX,125.74,False,P002
2022-02-16,2022-02-12T00:00:00Z,4,direct,business,CA,126.54,False,P002
2022-02-16,2022-01-25T00:00:00Z,4,ota,leisure,CA,106.18,False,P002
2022-02-16,2022-02-13T00:00:00Z,5,ota,leisure,GB,157.31,False,P002
2022-02-16,2022-01-24T00:00:00Z,2,ota,business,DE,158.13,False,P002
2022-02-16,2022-02-11T00:00:00Z,2,ota,business,CA,149.78,True,P002
2022-02-16,2021-12-18T00:00:00Z,3,direct,leisure,US,148.0,False,P002
2022-02-16,2022-02-06T00:00:00Z,3,ota,leisure,US,162.73,False,P002
2022-02-16,2022-02-09T00:00:00Z,3,ota,business,MX,165.81,False,P002
2022-02-17,2022-01-24T00:00:00Z,3,direct,leisure,CA,118.46,False,P002
2022-02-17,2022-02-13T00:00:00Z,3,direct,leisure,CA,162.19,False,P002
2022-02-17,2022-02-04T00:00:00Z,6,ota,leisure,DE,170.11,False,P002
2022-02-17,2021-12-19T00:00:00Z,2,ota,business,US,127.24,False,P002
2022-02-17,2022-01-19T00:00:00Z,2,ota,business,GB,162.33,False,P002
2022-02-17,2022-02-10T00:00:00Z,1,direct,business,GB,148.27,False,P002
2022-02-17,2022-02-12T00:00:00Z,3,ota,business,CA,209.88,False,P002
2022-02-17,2022-01-26T00:00:00Z,6,ota,business,CA,145.09,False,P002
2022-02-17,2022-01-14T00:00:00Z,7,direct,leisure,US,177.48,False,P002
2022-02-18,2022-02-10T00:00:00Z,1,direct,business,DE,172.47,False,P002
2022-02-18,2022-02-02T00:00:00Z,3,direct,business,CA,153.31,False,P002
2022-02-18,2022-02-08T00:00:00Z,3,direct,business,MX,143.8,True,P002
2022-02-18,2022-02-15T00:00:00Z,3,ota,leisure,US,192.61,False,P002
2022-02-18,2022-02-15T00:00:00Z,2,ota,leisure,US,99.85,False,P002
2022-02-18,2022-02-02T00:00:00Z,3,direct,business,MX,119.99,False,P002
2022-02-18,2022-01-30T00:00:00Z,6,ota,leisure,US,209.8,False,P002
2022-02-18,2022-01-06T00:00:00Z,5,ota,business,MX,137.33,True,P002
2022-02-18,2022-02-10T00:00:00Z,4,direct,leisure,MX,139.91,False,P002
2022-02-18,2022-02-13T00:00:00Z,2,direct,leisure,GB,163.06,False,P002
2022-02-18,2022-02-14T00:00:00Z,1,ota,business,CA,122.94,False,P002
2022-02-18,2022-02-12T00:00:00Z,9,ota,business,DE,153.76,False,P002
2022-02-18,2022-01-12T00:00:00Z,4,ota,business,DE,127.61,False,P002
2022-02-18,2022-01-10T00:00:00Z,2,direct,business,CA,186.71,False,P002
2022-02-18,2022-02-13T00:00:00Z,1,ota,business,DE,161.53,False,P002
2022-02-19,2021-12-31T00:00:00Z,3,ota,leisure,US,197.56,False,P002
2022-02-19,2022-01-11T00:00:00Z,3,direct,leisure,GB,161.7,False,P002
2022-02-19,2022-02-12T00:00:00Z,3,ota,leisure,US,161.13,False,P002
2022-02-19,2021-12-31T00:00:00Z,3,direct,business,MX,175.71,False,P002
2022-02-19,2022-02-09T00:00:00Z,3,ota,business,CA,184.92,False,P002
2022-02-19,2022-01-31T00:00:00Z,1,direct,leisure,GB,154.12,False,P002
2022-02-19,2022-02-13T00:00:00Z,1,ota,leisure,US,219.53,False,P002
2022-02-19,2022-01-20T00:00:00Z,1,direct,business,CA,153.05,False,P002
2022-02-19,2022-02-13T00:00:00Z,4,ota,business,GB,160.52,False,P002
2022-02-20,2022-02-08T00:00:00Z,3,direct,business,DE,151.73,False,P002
2022-02-20,2022-01-22T00:00:00Z,2,ota,leisure,US,113.25,False,P002
2022-02-20,2022-02-13T00:00:00Z,3,ota,leisure,MX,160.4,False,P002
2022-02-20,2022-02-17T00:00:00Z,5,direct,leisure,GB,210.27,False,P002
2022-02-20,2022-02-10T00:00:00Z,1,ota,business,DE,162.54,False,P002
2022-02-20,2021-12-31T00:00:00Z,4,ota,leisure,DE,169.49,True,P002
2022-02-20,2022-02-12T00:00:00Z,3,ota,business,GB,188.14,False,P002
2022-02-20,2022-02-11T00:00:00Z,2,direct,business,US,189.52,False,P002
2022-02-20,2021-12-22T00:00:00Z,6,ota,business,GB,125.61,False,P002
2022-02-20,2021-12-28T00:00:00Z,2,ota,leisure,CA,160.4,False,P002
2022-02-20,2022-02-09T00:00:00Z,3,direct,leisure,GB,177.94,False,P002
2022-02-20,2022-02-09T00:00:00Z,4,direct,leisure,CA,131.18,False,P002
2022-02-20,2022-01-31T00:00:00Z,3,direct,leisure,GB,168.57,False,P002
2022-02-20,2022-02-17T00:00:00Z,4,ota,leisure,DE,187.13,False,P002
2022-02-21,2022-02-15T00:00:00Z,1,direct,business,MX,168.84,True,P002
2022-02-21,2022-02-15T00:00:00Z,1,ota,leisure,CA,139.1,False,P002
2022-02-21,2022-02-18T00:00:00Z,5,ota,leisure,MX,107.38,False,P002
2022-02-21,2022-02-19T00:00:00Z,6,ota,business,GB,117.02,False,P002
2022-02-21,2022-01-30T00:00:00Z,3,ota,leisure,GB,201.76,False,P002
2022-02-21,2022-01-06T00:00:00Z,3,ota,leisure,CA,205.57,False,P002
2022-02-21,2022-02-05T00:00:00Z,1,direct,business,GB,161.15,False,P002
2022-02-21,2022-02-20T00:00:00Z,6,direct,business,DE,138.8,False,P002
2022-02-21,2022-02-15T00:00:00Z,3,direct,business,DE,142.7,False,P002
2022-02-21,2022-02-17T00:00:00Z,5,direct,leisure,GB,141.84,False,P002
2022-02-21,2022-01-27T00:00:00Z,6,ota,leisure,MX,199.09,False,P002
2022-02-21,2021-12-23T00:00:00Z,3,ota,business,CA,161.26,False,P002
2022-02-21,2022-01-30T00:00:00Z,4,ota,leisure,CA,134.19,False,P002
2022-02-21,2022-01-14T00:00:00Z,2,direct,leisure,DE,120.48,False,P002
2022-02-21,2022-02-11T00:00:00Z,5,direct,business,CA,141.98,False,P002
2022-02-21,2022-01-13T00:00:00Z,8,ota,leisure,US,205.83,False,P002
2022-02-21,2022-01-15T00:00:00Z,6,direct,business,CA,174.27,False,P002
2022-02-21,2022-02-19T00:00:00Z,2,direct,business,CA,152.89,True,P002
2022-02-21,2022-02-11T00:00:00Z,1,ota,leisure,CA,141.69,False,P002
2022-02-21,2022-02-18T00:00:00Z,6,direct,leisure,US,131.26,False,P002
2022-02-21,2022-02-04T00:00:00Z,1,ota,business,US,165.57,False,P002
2022-02-21,2022-02-17T00:00:00Z,6,direct,business,GB,178.59,False,P002
2022-02-21,2022-01-22T00:00:00Z,4,direct,business,CA,132.06,False,P002
2022-02-21,2022-02-14T00:00:00Z,5,direct,leisure,MX,145.7,False,P002
2022-02-22,2021-12-24T00:00:00Z,4,ota,leisure,GB,132.15,False,P002
2022-02-22,2022-02-15T00:00:00Z,1,direct,leisure,DE,168.87,False,P002
2022-02-22,2022-01-30T00:00:00Z,4,direct,business,GB,155.94,False,P002
2022-02-22,2021-12-25T00:00:00Z,1,ota,business,CA,112.82,False,P002
2022-02-22,2022-01-24T00:00:00Z,2,direct,business,DE,142.82,False,P002
2022-02-22,2022-01-21T00:00:00Z,6,direct,business,MX,108.93,False,P002
2022-02-22,2021-12-24T00:00:00Z,8,direct,business,DE,166.32,True,P002
2022-02-22,2022-01-11T00:00:00Z,4,direct,business,DE,144.46,False,P002
2022-02-22,2022-02-12T00:00:00Z,5,direct,business,MX,156.27,False,P002
2022-02-22,2022-02-12T00:00:00Z,4,ota,leisure,MX,127.95,False,P002
2022-02-23,2022-02-19T00:00:00Z,3,ota,business,US,114.75,False,P002
2022-02-23,2022-02-16T00:00:00Z,4,ota,leisure,DE,123.21,False,P002
2022-02-23,2022-02-17T00:00:00Z,3,direct,leisure,CA,145.6,False,P002
2022-02-23,2022-01-08T00:00:00Z,4,ota,leisure,CA,117.66,False,P002
2022-02-23,2022-02-12T00:00:00Z,4,ota,leisure,DE,161.03,False,P002
2022-02-23,2022-01-31T00:00:00Z,2,ota,leisure,US,89.75,False,P002
2022-02-23,2022-02-13T00:00:00Z,1,direct,business,MX,181.23,False,P002
2022-02-23,2022-02-11T00:00:00Z,3,direct,business,MX,131.78,False,P002
2022-02-23,2022-01-29T00:00:00Z,5,direct,leisure,DE,142.36,False,P002
2022-02-23,2022-01-30T00:00:00Z,5,ota,leisure,GB,199.45,False,P002
2022-02-23,2022-02-17T00:00:00Z,4,ota,leisure,CA,180.08,False,P002
2022-02-23,2022-02-13T00:00:00Z,2,ota,leisure,MX,110.14,False,P002
2022-02-24,2022-01-15T00:00:00Z,2,direct,business,GB,233.26,False,P002
2022-02-24,2021-12-26T00:00:00Z,4,direct,business,DE,129.85,False,P002
2022-02-24,2022-01-05T00:00:00Z,4,ota,business,CA,204.33,False,P002
2022-02-24,2022-02-17T00:00:00Z,3,direct,business,US,153.64,False,P002
2022-02-24,2022-02-08T00:00:00Z,2,ota,business,DE,162.79,False,P002
2022-02-24,2022-02-20T00:00:00Z,7,ota,business,US,91.74,False,P002
2022-02-24,2022-02-20T00:00:00Z,3,ota,business,MX,176.52,False,P002
2022-02-24,2022-02-03T00:00:00Z,4,direct,business,DE,165.62,False,P002
2022-02-24,2022-02-05T00:00:00Z,3,ota,business,CA,169.54,False,P002
2022-02-24,2022-02-14T00:00:00Z,2,direct,business,CA,144.75,False,P002
2022-02-24,2022-02-19T00:00:00Z,1,direct,leisure,CA,143.69,False,P002
2022-02-24,2022-02-17T00:00:00Z,5,direct,leisure,CA,97.38,False,P002
2022-02-24,2022-02-20T00:00:00Z,3,direct,business,CA,171.94,False,P002
2022-02-24,2022-02-15T00:00:00Z,6,ota,business,MX,128.81,False,P002
2022-02-24,2022-02-12T00:00:00Z,9,direct,leisure,US,152.36,False,P002
2022-02-24,2022-02-12T00:00:00Z,1,direct,business,GB,105.1,False,P002
2022-02-24,2022-01-26T00:00:00Z,3,ota,business,DE,132.87,False,P002
2022-02-24,2022-02-07T00:00:00Z,2,direct,leisure,DE,144.09,False,P002
2022-02-24,2022-01-04T00:00:00Z,2,ota,leisure,GB,164.67,False,P002
2022-02-25,2022-02-13T00:00:00Z,2,ota,leisure,US,155.36,True,P002
2022-02-25,2022-02-03T00:00:00Z,4,ota,business,US,131.4,False,P002
2022-02-25,2022-02-03T00:00:00Z,4,ota,leisure,DE,115.07,False,P002
2022-02-25,2022-02-04T00:00:00Z,2,direct,leisure,US,145.04,True,P002
2022-02-25,2022-02-01T00:00:00Z,7,ota,leisure,MX,135.59,True,P002
2022-02-25,2022-02-23T00:00:00Z,1,direct,business,CA,160.39,False,P002
2022-02-25,2022-01-25T00:00:00Z,3,ota,business,GB,152.9,False,P002
2022-02-25,2022-02-19T00:00:00Z,5,ota,business,US,119.62,False,P002
2022-02-25,2022-01-11T00:00:00Z,2,direct,business,GB,178.72,False,P002
2022-02-25,2022-02-22T00:00:00Z,2,direct,business,DE,174.05,False,P002
2022-02-25,2022-01-03T00:00:00Z,6,ota,leisure,US,122.08,False,P002
2022-02-25,2022-02-23T00:00:00Z,3,direct,business,DE,89.02,True,P002
2022-02-25,2022-01-08T00:00:00Z,1,ota,business,MX,106.32,False,P002
2022-02-25,2022-02-16T00:00:00Z,4,ota,business,DE,188.1,False,P002
2022-02-26,2022-02-20T00:00:00Z,1,direct,business,US,152.7,False,P002
2022-02-26,2022-02-06T00:00:00Z,1,direct,leisure,DE,159.83,False,P002
2022-02-26,2022-02-12T00:00:00Z,3,ota,leisure,CA,78.94,False,P002
2022-02-26,2021-12-28T00:00:00Z,5,ota,business,DE,138.05,False,P002
2022-02-26,2022-02-16T00:00:00Z,2,ota,business,US,134.01,False,P002
2022-02-26,2022-01-31T00:00:00Z,4,direct,leisure,US,144.91,False,P002
2022-02-26,2021-12-28T00:00:00Z,3,direct,business,DE,118.27,False,P002
2022-02-26,2022-02-13T00:00:00Z,2,direct,business,DE,165.05,False,P002
2022-02-26,2022-01-28T00:00:00Z,4,ota,business,CA,138.26,False,P002
2022-02-26,2022-02-16T00:00:00Z,1,direct,business,GB,181.13,False,P002
2022-02-26,2022-02-20T00:00:00Z,5,ota,leisure,GB,147.68,False,P002
2022-02-27,2022-02-04T00:00:00Z,3,ota,business,CA,135.35,False,P002
2022-02-27,2022-01-21T00:00:00Z,2,ota,business,US,125.95,False,P002
2022-02-27,2022-01-16T00:00:00Z,2,direct,business,DE,224.68,False,P002
2022-02-27,2021-12-30T00:00:00Z,5,ota,business,DE,137.63,False,P002
2022-02-27,2022-01-29T00:00:00Z,6,ota,business,MX,220.43,True,P002
2022-02-27,2022-01-06T00:00:00Z,4,ota,leisure,DE,136.59,True,P002
2022-02-27,2021-12-29T00:00:00Z,1,ota,business,CA,207.29,False,P002
2022-02-27,2022-02-23T00:00:00Z,2,ota,business,GB,197.15,False,P002
2022-02-27,2022-02-23T00:00:00Z,4,ota,business,MX,192.94,False,P002
2022-02-27,2022-02-19T00:00:00Z,4,ota,business,MX,120.69,False,P002
2022-02-27,2022-01-19T00:00:00Z,7,direct,leisure,CA,185.49,False,P002
2022-02-27,2021-12-29T00:00:00Z,4,ota,business,GB,91.8,False,P002
2022-02-27,2022-02-23T00:00:00Z,4,ota,leisure,US,136.89,False,P002
2022-02-27,2022-01-18T00:00:00Z,4,direct,leisure,CA,147.55,False,P002
2022-02-27,2021-12-29T00:00:00Z,2,direct,business,GB,132.28,False,P002
2022-02-27,2022-02-19T00:00:00Z,2,direct,leisure,US,97.53,False,P002
2022-02-27,2022-02-21T00:00:00Z,2,direct,leisure,DE,118.66,False,P002
2022-02-28,2022-01-10T00:00:00Z,3,ota,leisure,GB,144.0,False,P002
2022-02-28,2022-02-18T00:00:00Z,1,ota,business,GB,145.07,False,P002
2022-02-28,2022-02-23T00:00:00Z,2,ota,leisure,DE,123.62,False,P002
2022-02-28,2022-01-24T00:00:00Z,2,ota,leisure,GB,124.01,False,P002
2022-02-28,2022-01-28T00:00:00Z,1,ota,leisure,DE,157.74,False,P002
2022-02-28,2022-02-08T00:00:00Z,5,direct,business,MX,146.54,False,P002
2022-02-28,2022-02-03T00:00:00Z,2,direct,business,DE,127.21,False,P002
2022-02-28,2022-02-07T00:00:00Z,1,ota,business,GB,144.86,False,P002
2022-02-28,2022-02-18T00:00:00Z,3,ota,leisure,CA,117.77,False,P002
2022-03-01,2022-02-16T00:00:00Z,1,ota,leisure,MX,165.68,False,P002
2022-03-01,2022-02-23T00:00:00Z,2,direct,leisure,US,141.83,False,P002
2022-03-01,2022-01-26T00:00:00Z,3,direct,business,DE,108.4,False,P002
2022-03-01,2022-02-05T00:00:00Z,2,direct,business,CA,158.75,False,P002
2022-03-01,2022-01-21T00:00:00Z,4,direct,leisure,CA,147.09,False,P002
2022-03-01,2022-01-17T00:00:00Z,7,direct,leisure,US,185.3,False,P002
2022-03-01,2022-01-23T00:00:00Z,2,direct,business,CA,101.57,False,P002
2022-03-01,2022-02-19T00:00:00Z,2,direct,business,DE,121.54,False,P002
2022-03-01,2022-01-14T00:00:00Z,4,direct,business,US,125.89,True,P002
2022-03-01,2022-02-24T00:00:00Z,2,ota,business,DE,181.89,False,P002
2022-03-01,2022-02-21T00:00:00Z,4,ota,leisure,GB,88.63,False,P002
2022-03-01,2022-01-15T00:00:00Z,2,ota,business,DE,155.21,False,P002
2022-03-01,2022-02-04T00:00:00Z,1,ota,business,US,189.58,False,P002
2022-03-01,2022-02-17T00:00:00Z,1,direct,leisure,GB,122.03,False,P002
2022-03-01,2022-02-19T00:00:00Z,1,direct,business,CA,149.13,False,P002
2022-03-01,2022-02-18T00:00:00Z,4,ota,business,DE,115.21,False,P002
2022-03-01,2022-02-26T00:00:00Z,2,ota,leisure,GB,137.01,False,P002
2022-03-01,2022-02-26T00:00:00Z,1,direct,leisure,MX,151.36,False,P002
2022-03-01,2022-01-19T00:00:00Z,1,direct,leisure,MX,178.99,False,P002
2022-03-01,2021-12-31T00:00:00Z,5,direct,business,US,178.08,False,P002
2022-03-01,2022-01-20T00:00:00Z,3,direct,leisure,US,167.21,False,P002
2022-03-02,2022-02-23T00:00:00Z,5,ota,leisure,CA,139.26,False,P002
2022-03-02,2022-02-15T00:00:00Z,4,ota,leisure,US,112.1,False,P002
2022-03-02,2022-02-27T00:00:00Z,1,ota,business,CA,162.08,False,P002
2022-03-02,2022-01-23T00:00:00Z,3,direct,business,GB,126.72,True,P002
2022-03-02,2022-01-25T00:00:00Z,2,ota,leisure,MX,126.51,False,P002
2022-03-02,2022-02-24T00:00:00Z,4,direct,leisure,GB,161.29,False,P002
2022-03-02,2022-02-20T00:00:00Z,2,ota,business,US,150.62,False,P002
2022-03-02,2022-01-20T00:00:00Z,1,direct,business,CA,125.47,False,P002
2022-03-02,2022-02-22T00:00:00Z,6,ota,business,US,131.23,False,P002
2022-03-02,2022-02-17T00:00:00Z,5,ota,leisure,GB,129.32,False,P002
2022-03-02,2022-01-14T00:00:00Z,4,ota,business,DE,156.02,True,P002
2022-03-02,2022-01-05T00:00:00Z,4,direct,leisure,MX,158.04,False,P002
2022-03-02,2022-01-15T00:00:00Z,4,direct,business,MX,191.14,True,P002
2022-03-02,2022-01-21T00:00:00Z,5,ota,business,US,183.13,True,P002
2022-03-03,2022-03-01T00:00:00Z,2,ota,business,DE,152.05,False,P002
2022-03-03,2022-02-10T00:00:00Z,1,direct,leisure,MX,212.62,False,P002
2022-03-03,2022-02-25T00:00:00Z,2,direct,leisure,US,174.66,False,P002
2022-03-03,2022-02-24T00:00:00Z,2,ota,business,GB,175.23,False,P002
2022-03-03,2022-01-03T00:00:00Z,1,direct,business,DE,96.02,False,P002
2022-03-03,2022-01-20T00:00:00Z,1,direct,business,US,120.1,False,P002
2022-03-03,2022-02-22T00:00:00Z,3,direct,business,CA,117.04,False,P002
2022-03-03,2022-02-08T00:00:00Z,8,direct,business,US,159.92,False,P002
2022-03-03,2022-02-24T00:00:00Z,3,direct,leisure,DE,131.71,False,P002
2022-03-03,2022-02-22T00:00:00Z,5,direct,business,MX,175.66,False,P002
2022-03-03,2022-02-22T00:00:00Z,3,direct,leisure,DE,117.34,False,P002
2022-03-03,2022-01-02T00:00:00Z,5,direct,leisure,MX,139.1,False,P002
2022-03-04,2022-02-18T00:00:00Z,1,ota,leisure,CA,128.66,False,P002
2022-03-04,2022-01-10T00:00:00Z,1,ota,business,US,146.21,False,P002
2022-03-04,2022-02-28T00:00:00Z,3,direct,business,MX,132.75,False,P002
2022-03-04,2022-02-16T00:00:00Z,1,ota,business,CA,162.21,False,P002
2022-03-04,2022-02-08T00:00:00Z,2,direct,business,MX,159.89,False,P002
2022-03-04,2022-02-26T00:00:00Z,5,direct,business,GB,195.11,True,P002
2022-03-04,2022-02-17T00:00:00Z,1,ota,business,US,124.38,False,P002
2022-03-04,2022-01-25T00:00:00Z,4,direct,leisure,GB,177.65,False,P002
2022-03-04,2022-02-03T00:00:00Z,2,ota,leisure,DE,139.13,False,P002
2022-03-04,2022-01-28T00:00:00Z,1,direct,leisure,US,130.98,False,P002
2022-03-04,2022-01-23T00:00:00Z,4,direct,business,GB,92.4,False,P002
2022-03-04,2022-02-09T00:00:00Z,3,ota,leisure,US,117.71,False,P002
2022-03-04,2022-02-21T00:00:00Z,6,ota,business,DE,156.13,False,P002
2022-03-04,2022-02-25T00:00:00Z,7,ota,business,DE,104.04,False,P002
2022-03-04,2022-03-02T00:00:00Z,3,ota,business,DE,164.17,True,P002
2022-03-04,2022-02-22T00:00:00Z,5,direct,business,MX,104.35,False,P002
2022-03-04,2022-01-28T00:00:00Z,1,ota,business,GB,150.66,False,P002
2022-03-04,2022-02-03T00:00:00Z,4,direct,business,CA,85.76,False,P002
2022-03-04,2022-02-27T00:00:00Z,3,direct,business,MX,139.21,False,P002
2022-03-05,2022-02-13T00:00:00Z,1,direct,business,MX,107.64,False,P002
2022-03-05,2022-02-12T00:00:00Z,6,direct,leisure,US,126.36,False,P002
2022-03-05,2022-02-23T00:00:00Z,3,ota,business,DE,178.36,False,P002
2022-03-05,2022-01-26T00:00:00Z,2,ota,business,GB,166.84,False,P002
2022-03-05,2022-03-03T00:00:00Z,1,direct,business,MX,94.66,True,P002
2022-03-05,2022-01-10T00:00:00Z,4,direct,leisure,US,173.62,False,P002
2022-03-05,2022-02-28T00:00:00Z,3,direct,leisure,MX,169.3,False,P002
2022-03-05,2022-02-26T00:00:00Z,1,ota,business,DE,206.11,True,P002
2022-03-05,2022-03-01T00:00:00Z,1,direct,business,DE,162.42,False,P002
2022-03-05,2022-02-19T00:00:00Z,3,ota,business,CA,138.39,False,P002
2022-03-05,2022-02-02T00:00:00Z,2,direct,leisure,DE,107.8,True,P002
2022-03-05,2022-02-24T00:00:00Z,3,ota,leisure,US,155.47,False,P002
2022-03-05,2022-02-16T00:00:00Z,4,ota,business,MX,113.67,False,P002
2022-03-05,2022-02-28T00:00:00Z,2,direct,leisure,DE,87.86,False,P002
2022-03-06,2022-02-20T00:00:00Z,7,direct,leisure,MX,163.39,True,P002
2022-03-06,2022-01-29T00:00:00Z,2,direct,business,MX,193.97,False,P002
2022-03-06,2022-02-28T00:00:00Z,2,ota,leisure,CA,118.68,False,P002
2022-03-06,2022-02-27T00:00:00Z,3,ota,business,CA,138.14,False,P002
2022-03-06,2022-03-02T00:00:00Z,3,direct,business,DE,98.75,False,P002
2022-03-06,2022-03-01T00:00:00Z,5,direct,leisure,DE,169.64,True,P002
2022-03-06,2022-02-24T00:00:00Z,4,ota,business,US,115.58,False,P002
2022-03-06,2022-02-25T00:00:00Z,2,direct,leisure,US,177.72,True,P002
2022-03-06,2022-02-21T00:00:00Z,1,ota,leisure,US,155.64,False,P002
2022-03-06,2022-02-13T00:00:00Z,2,ota,business,DE,122.39,False,P002
2022-03-06,2022-02-06T00:00:00Z,4,ota,leisure,DE,160.15,True,P002
2022-03-06,2022-01-29T00:00:00Z,6,ota,leisure,GB,189.41,False,P002
2022-03-06,2022-02-19T00:00:00Z,4,ota,leisure,MX,188.88,False,P002
2022-03-06,2022-03-03T00:00:00Z,3,direct,business,CA,197.45,False,P002
2022-03-06,2022-02-16T00:00:00Z,6,ota,leisure,DE,117.03,False,P002
2022-03-07,2022-03-02T00:00:00Z,4,direct,leisure,GB,202.71,False,P002
2022-03-07,2022-02-28T00:00:00Z,4,ota,leisure,MX,150.34,False,P002
2022-03-07,2022-02-06T00:00:00Z,3,direct,business,DE,161.83,False,P002
2022-03-07,2022-02-26T00:00:00Z,5,direct,business,DE,168.45,False,P002
2022-03-07,2022-02-28T00:00:00Z,4,direct,business,US,163.25,True,P002
2022-03-07,2022-01-09T00:00:00Z,4,ota,business,DE,162.34,False,P002
2022-03-07,2022-03-01T00:00:00Z,5,direct,leisure,DE,160.78,False,P002
2022-03-07,2022-02-05T00:00:00Z,3,ota,leisure,MX,135.48,False,P002
2022-03-07,2022-03-03T00:00:00Z,2,ota,leisure,CA,147.28,False,P002
2022-03-07,2022-03-01T00:00:00Z,3,ota,leisure,MX,157.38,False,P002
2022-03-07,2022-03-03T00:00:00Z,3,direct,leisure,GB,123.16,False,P002
2022-03-07,2022-03-03T00:00:00Z,2,direct,leisure,DE,83.74,False,P002
2022-03-07,2022-01-27T00:00:00Z,6,direct,business,US,167.46,False,P002
2022-03-07,2022-01-19T00:00:00Z,2,ota,business,CA,152.39,True,P002
2022-03-07,2022-02-07T00:00:00Z,5,direct,business,US,178.17,False,P002
2022-03-08,2022-02-11T00:00:00Z,6,direct,leisure,CA,161.93,False,P002
2022-03-08,2022-02-27T00:00:00Z,3,ota,leisure,CA,135.54,False,P002
2022-03-08,2022-01-24T00:00:00Z,3,direct,business,CA,138.17,False,P002
2022-03-08,2022-02-12T00:00:00Z,4,ota,leisure,MX,140.83,False,P002
2022-03-08,2022-02-07T00:00:00Z,1,direct,leisure,MX,186.37,False,P002
2022-03-08,2022-01-16T00:00:00Z,6,ota,business,US,140.67,False,P002
2022-03-08,2022-02-25T00:00:00Z,4,ota,business,DE,137.98,True,P002
2022-03-08,2022-03-02T00:00:00Z,7,ota,business,GB,141.55,False,P002
2022-03-08,2022-01-28T00:00:00Z,2,direct,business,MX,188.0,False,P002
2022-03-08,2022-02-27T00:00:00Z,4,ota,business,MX,135.7,False,P002
2022-03-08,2022-02-11T00:00:00Z,5,ota,leisure,MX,146.08,False,P002
2022-03-08,2022-03-02T00:00:00Z,1,ota,business,DE,153.52,False,P002
2022-03-08,2022-02-22T00:00:00Z,3,ota,leisure,US,120.68,False,P002
2022-03-08,2022-02-21T00:00:00Z,3,direct,business,DE,112.16,False,P002
2022-03-08,2022-03-01T00:00:00Z,4,direct,business,US,145.72,False,P002
2022-03-08,2022-02-28T00:00:00Z,1,ota,leisure,CA,157.26,True,P002
2022-03-08,2022-03-05T00:00:00Z,2,direct,leisure,US,140.51,False,P002
2022-03-09,2022-01-22T00:00:00Z,1,ota,business,DE,103.22,False,P002
2022-03-09,2022-02-25T00:00:00Z,3,direct,business,DE,163.13,False,P002
2022-03-09,2022-02-24T00:00:00Z,3,direct,leisure,GB,122.39,False,P002
2022-03-09,2022-02-14T00:00:00Z,1,direct,leisure,CA,148.87,False,P002
2022-03-09,2022-03-05T00:00:00Z,3,direct,leisure,GB,186.23,False,P002
2022-03-09,2022-02-23T00:00:00Z,1,direct,leisure,MX,195.16,False,P002
2022-03-09,2022-02-10T00:00:00Z,2,ota,business,US,160.82,False,P002
2022-03-09,2022-03-04T00:00:00Z,2,direct,business,CA,200.1,False,P002
2022-03-10,2022-02-05T00:00:00Z,1,direct,leisure,MX,173.95,False,P002
2022-03-10,2022-02-17T00:00:00Z,2,direct,business,CA,165.61,False,P002
2022-03-10,2022-01-09T00:00:00Z,3,ota,business,US,159.11,False,P002
2022-03-10,2022-02-04T00:00:00Z,1,ota,leisure,CA,161.54,True,P002
2022-03-10,2022-03-05T00:00:00Z,1,direct,leisure,US,161.12,False,P002
2022-03-10,2022-02-25T00:00:00Z,1,ota,leisure,GB,139.03,False,P002
2022-03-10,2022-02-23T00:00:00Z,1,ota,leisure,DE,189.98,False,P002
2022-03-10,2022-03-03T00:00:00Z,1,direct,business,US,159.23,False,P002
2022-03-10,2022-01-26T00:00:00Z,3,ota,business,GB,168.73,False,P002
2022-03-10,2022-03-02T00:00:00Z,2,ota,business,CA,113.4,False,P002
2022-03-10,2022-02-19T00:00:00Z,3,ota,leisure,CA,124.67,False,P002
2022-03-10,2022-01-28T00:00:00Z,7,direct,business,DE,158.71,False,P002
2022-03-10,2022-01-31T00:00:00Z,1,ota,leisure,US,109.62,False,P002
2022-03-10,2022-02-08T00:00:00Z,4,direct,business,GB,200.95,False,P002
2022-03-10,2022-02-16T00:00:00Z,3,ota,leisure,DE,176.92,False,P002
2022-03-10,2022-03-06T00:00:00Z,4,direct,leisure,MX,114.84,False,P002
2022-03-10,2022-03-03T00:00:00Z,4,ota,leisure,US,203.66,False,P002
2022-03-10,2022-01-09T00:00:00Z,4,direct,business,MX,133.8,False,P002
2022-03-10,2022-02-28T00:00:00Z,1,direct,leisure,MX,143.66,False,P002
2022-03-10,2022-02-21T00:00:00Z,4,ota,business,DE,161.22,False,P002
2022-03-10,2022-01-10T00:00:00Z,4,ota,business,GB,174.78,False,P002
2022-03-11,2022-02-23T00:00:00Z,3,direct,leisure,CA,187.85,False,P002
2022-03-11,2022-02-14T00:00:00Z,3,ota,leisure,CA,119.65,False,P002
2022-03-11,2022-02-19T00:00:00Z,1,ota,leisure,CA,187.42,False,P002
2022-03-11,2022-03-07T00:00:00Z,2,ota,business,GB,167.15,True,P002
2022-03-11,2022-02-27T00:00:00Z,4,direct,leisure,US,153.42,False,P002
2022-03-11,2022-03-08T00:00:00Z,5,direct,leisure,US,145.84,False,P002
2022-03-11,2022-03-06T00:00:00Z,3,direct,business,US,197.94,False,P002
2022-03-11,2022-03-06T00:00:00Z,2,ota,leisure,CA,129.74,False,P002
2022-03-11,2022-01-16T00:00:00Z,1,ota,business,GB,116.77,False,P002
2022-03-11,2022-02-14T00:00:00Z,2,direct,leisure,MX,84.57,False,P002
2022-03-11,2022-02-16T00:00:00Z,2,direct,leisure,MX,172.45,False,P002
2022-03-11,2022-03-02T00:00:00Z,2,ota,leisure,CA,188.52,False,P002
2022-03-11,2022-02-24T00:00:00Z,3,ota,business,MX,168.08,False,P002
2022-03-11,2022-02-15T00:00:00Z,2,ota,business,US,75.18,False,P002
2022-03-11,2022-01-10T00:00:00Z,2,direct,business,GB,130.51,False,P002
2022-03-11,2022-02-12T00:00:00Z,1,direct,leisure,GB,155.1,False,P002
2022-03-11,2022-02-21T00:00:00Z,3,direct,business,GB,139.57,False,P002
2022-03-11,2022-02-24T00:00:00Z,3,direct,business,CA,141.76,False,P002
2022-03-11,2022-02-16T00:00:00Z,2,direct,leisure,DE,99.3,False,P002
2022-03-12,2022-02-25T00:00:00Z,5,direct,leisure,US,181.02,False,P002
2022-03-12,2022-01-11T00:00:00Z,5,ota,business,GB,132.31,False,P002
2022-03-12,2022-02-14T00:00:00Z,4,ota,leisure,CA,160.25,False,P002
2022-03-12,2022-03-08T00:00:00Z,4,direct,leisure,MX,148.71,False,P002
2022-03-12,2022-03-05T00:00:00Z,2,ota,leisure,DE,191.84,False,P002
2022-03-12,2022-01-18T00:00:00Z,2,ota,leisure,DE,179.19,False,P002
2022-03-12,2022-02-04T00:00:00Z,4,direct,business,MX,152.37,False,P002
2022-03-12,2022-02-05T00:00:00Z,1,ota,business,CA,159.12,False,P002
2022-03-12,2022-02-27T00:00:00Z,2,direct,business,MX,141.21,False,P002
2022-03-12,2022-03-05T00:00:00Z,5,ota,business,US,150.94,False,P002
2022-03-12,2022-03-01T00:00:00Z,2,ota,business,CA,109.16,False,P002
2022-03-12,2022-03-06T00:00:00Z,3,direct,leisure,MX,202.44,False,P002
2022-03-12,2022-02-11T00:00:00Z,5,ota,business,GB,154.25,False,P002
2022-03-13,2022-03-06T00:00:00Z,6,direct,leisure,CA,129.54,False,P002
2022-03-13,2022-03-11T00:00:00Z,1,direct,leisure,CA,136.69,False,P002
2022-03-13,2022-03-10T00:00:00Z,1,direct,leisure,DE,123.16,False,P002
2022-03-13,2022-02-02T00:00:00Z,2,ota,business,DE,170.36,False,P002
2022-03-13,2022-03-10T00:00:00Z,3,direct,business,CA,149.76,False,P002
2022-03-13,2022-03-07T00:00:00Z,3,ota,business,DE,133.0,True,P002
2022-03-13,2022-03-05T00:00:00Z,1,ota,leisure,GB,189.56,False,P002
2022-03-13,2022-02-22T00:00:00Z,4,ota,leisure,GB,196.12,False,P002
2022-03-13,2022-03-11T00:00:00Z,2,direct,business,GB,190.92,False,P002
2022-03-13,2022-01-31T00:00:00Z,2,direct,business,CA,174.47,False,P002
2022-03-13,2022-01-23T00:00:00Z,3,ota,leisure,CA,217.08,False,P002
2022-03-13,2022-03-08T00:00:00Z,2,direct,business,US,140.07,False,P002
2022-03-13,2022-03-07T00:00:00Z,4,ota,business,GB,169.16,False,P002
2022-03-13,2022-01-27T00:00:00Z,2,direct,business,MX,189.18,False,P002
2022-03-13,2022-02-22T00:00:00Z,3,ota,leisure,MX,137.24,False,P002
2022-03-13,2022-02-23T00:00:00Z,4,direct,business,GB,161.94,False,P002
2022-03-13,2022-01-15T00:00:00Z,4,ota,leisure,DE,161.24,False,P002
2022-03-13,2022-02-16T00:00:00Z,1,ota,leisure,US,140.09,False,P002
2022-03-14,2022-03-11T00:00:00Z,3,direct,leisure,DE,193.87,False,P002
2022-03-14,2022-02-15T00:00:00Z,3,ota,business,MX,108.6,True,P002
2022-03-14,2022-03-07T00:00:00Z,3,ota,leisure,GB,187.87,False,P002
2022-03-14,2022-03-10T00:00:00Z,2,direct,business,MX,176.97,False,P002
2022-03-14,2022-02-13T00:00:00Z,2,ota,business,CA,187.67,False,P002
2022-03-14,2022-02-19T00:00:00Z,2,direct,leisure,US,180.46,False,P002
2022-03-14,2022-02-20T00:00:00Z,1,ota,business,MX,119.29,False,P002
2022-03-14,2022-03-11T00:00:00Z,7,ota,business,CA,151.0,True,P002
2022-03-14,2022-03-12T00:00:00Z,3,ota,leisure,CA,139.77,True,P002
2022-03-14,2022-03-12T00:00:00Z,3,direct,business,CA,168.14,False,P002
2022-03-14,2022-01-13T00:00:00Z,3,direct,leisure,GB,179.12,False,P002
2022-03-14,2022-02-23T00:00:00Z,3,ota,business,MX,142.77,True,P002
2022-03-14,2022-03-01T00:00:00Z,1,direct,business,US,144.36,False,P002
2022-03-14,2022-03-06T00:00:00Z,1,direct,leisure,MX,175.58,False,P002
2022-03-14,2022-03-06T00:00:00Z,1,direct,leisure,GB,110.31,False,P002
2022-03-14,2022-02-28T00:00:00Z,1,direct,leisure,CA,139.27,False,P002
2022-03-14,2022-03-07T00:00:00Z,2,direct,business,MX,131.17,False,P002
2022-03-14,2022-03-10T00:00:00Z,4,ota,business,CA,163.76,False,P002
2022-03-14,2022-03-06T00:00:00Z,3,direct,leisure,CA,181.0,False,P002
2022-03-14,2022-03-11T00:00:00Z,2,ota,business,CA,190.14,False,P002
2022-03-15,2022-03-05T00:00:00Z,3,ota,leisure,DE,161.02,False,P002
2022-03-15,2022-03-12T00:00:00Z,1,ota,leisure,US,133.47,False,P002
2022-03-15,2022-03-04T00:00:00Z,3,ota,business,GB,154.44,False,P002
2022-03-15,2022-03-02T00:00:00Z,4,direct,leisure,DE,193.91,False,P002
2022-03-15,2022-03-08T00:00:00Z,4,ota,business,GB,176.52,False,P002
2022-03-15,2022-03-06T00:00:00Z,2,ota,leisure,DE,148.6,False,P002
2022-03-15,2022-01-30T00:00:00Z,3,direct,leisure,GB,139.33,False,P002
2022-03-15,2022-03-06T00:00:00Z,8,direct,business,MX,142.83,False,P002
2022-03-15,2022-03-09T00:00:00Z,5,ota,business,GB,186.12,False,P002
2022-03-15,2022-03-07T00:00:00Z,4,direct,leisure,DE,134.04,False,P002
2022-03-15,2022-02-28T00:00:00Z,3,ota,business,DE,149.65,False,P002
2022-03-15,2022-03-04T00:00:00Z,8,ota,business,CA,185.76,True,P002
2022-03-15,2022-03-11T00:00:00Z,7,direct,leisure,CA,157.6,True,P002
2022-03-15,2022-02-22T00:00:00Z,3,ota,leisure,GB,153.38,False,P002
2022-03-15,2022-03-07T00:00:00Z,3,ota,leisure,DE,151.46,False,P002
2022-03-15,2022-03-13T00:00:00Z,1,ota,business,US,120.76,False,P002
2022-03-15,2022-03-08T00:00:00Z,2,ota,business,CA,71.3,True,P002
2022-03-16,2022-02-10T00:00:00Z,2,ota,business,GB,144.57,False,P002
2022-03-16,2022-03-07T00:00:00Z,4,direct,leisure,MX,136.05,False,P002
2022-03-16,2022-03-10T00:00:00Z,3,direct,leisure,US,149.88,True,P002
2022-03-16,2022-03-05T00:00:00Z,2,direct,leisure,US,179.99,False,P002
2022-03-16,2022-02-10T00:00:00Z,3,ota,leisure,MX,125.44,False,P002
2022-03-16,2022-03-05T00:00:00Z,1,direct,business,MX,173.5,False,P002
2022-03-16,2022-03-08T00:00:00Z,1,direct,leisure,MX,165.93,False,P002
2022-03-16,2022-03-12T00:00:00Z,6,direct,leisure,DE,155.53,False,P002
2022-03-16,2022-03-03T00:00:00Z,5,ota,business,GB,150.02,False,P002
2022-03-16,2022-03-05T00:00:00Z,1,ota,leisure,US,162.15,True,P002
2022-03-16,2022-03-10T00:00:00Z,1,direct,business,GB,103.64,False,P002
2022-03-16,2022-02-07T00:00:00Z,3,ota,business,MX,177.4,False,P002
2022-03-16,2022-01-15T00:00:00Z,3,ota,business,MX,199.43,False,P002
2022-03-16,2022-03-10T00:00:00Z,3,direct,business,DE,151.58,False,P002
2022-03-16,2022-03-05T00:00:00Z,1,direct,leisure,DE,143.35,False,P002
2022-03-16,2022-03-11T00:00:00Z,4,ota,leisure,DE,193.02,False,P002
2022-03-16,2022-03-09T00:00:00Z,3,ota,leisure,DE,165.23,False,P002
2022-03-16,2022-03-09T00:00:00Z,1,ota,business,MX,170.92,False,P002
2022-03-16,2022-03-04T00:00:00Z,4,direct,leisure,MX,180.94,False,P002
2022-03-16,2022-02-22T00:00:00Z,3,ota,business,US,165.6,False,P002
2022-03-17,2022-03-07T00:00:00Z,4,direct,leisure,CA,140.7,False,P002
2022-03-17,2022-03-12T00:00:00Z,8,ota,leisure,CA,159.65,False,P002
2022-03-17,2022-03-01T00:00:00Z,2,ota,business,DE,165.12,False,P002
2022-03-17,2022-02-23T00:00:00Z,1,direct,business,DE,139.76,False,P002
2022-03-17,2022-02-14T00:00:00Z,3,direct,business,CA,105.16,False,P002
2022-03-17,2022-03-07T00:00:00Z,1,ota,business,MX,170.11,False,P002
2022-03-17,2022-02-17T00:00:00Z,3,ota,business,US,186.18,False,P002
2022-03-17,2022-01-31T00:00:00Z,1,ota,business,DE,137.25,False,P002
2022-03-17,2022-01-16T00:00:00Z,2,ota,business,CA,146.53,False,P002
2022-03-17,2022-03-11T00:00:00Z,5,ota,business,GB,161.08,False,P002
2022-03-17,2022-02-27T00:00:00Z,4,ota,business,CA,136.87,False,P002
2022-03-17,2022-02-27T00:00:00Z,1,ota,leisure,US,213.17,False,P002
2022-03-17,2022-03-13T00:00:00Z,3,ota,leisure,GB,121.19,False,P002
2022-03-18,2022-03-15T00:00:00Z,2,direct,business,GB,143.68,False,P002
2022-03-18,2022-02-24T00:00:00Z,3,ota,leisure,GB,136.79,False,P002
2022-03-18,2022-02-11T00:00:00Z,5,direct,leisure,MX,95.92,False,P002
2022-03-18,2022-02-27T00:00:00Z,1,ota,business,GB,190.02,True,P002
2022-03-18,2022-01-17T00:00:00Z,5,ota,business,DE,165.02,False,P002
2022-03-18,2022-03-01T00:00:00Z,4,ota,business,GB,145.07,False,P002
2022-03-18,2022-02-20T00:00:00Z,2,ota,business,GB,160.13,False,P002
2022-03-18,2022-03-03T00:00:00Z,1,direct,business,GB,151.83,False,P002
2022-03-18,2022-02-23T00:00:00Z,4,ota,business,US,92.45,False,P002
2022-03-18,2022-03-01T00:00:00Z,5,ota,business,DE,116.16,False,P002
2022-03-18,2022-02-28T00:00:00Z,3,direct,leisure,DE,176.63,False,P002
2022-03-18,2022-02-15T00:00:00Z,3,ota,leisure,DE,168.36,False,P002
2022-03-18,2022-03-13T00:00:00Z,7,ota,leisure,CA,158.08,False,P002
2022-03-18,2022-03-15T00:00:00Z,5,ota,leisure,DE,138.69,False,P002
2022-03-18,2022-02-11T00:00:00Z,1,ota,business,DE,145.69,False,P002
2022-03-18,2022-03-06T00:00:00Z,3,direct,leisure,MX,144.42,False,P002
2022-03-19,2022-03-11T00:00:00Z,5,direct,leisure,US,118.52,False,P002
2022-03-19,2022-02-04T00:00:00Z,3,direct,leisure,MX,144.57,True,P002
2022-03-19,2022-03-10T00:00:00Z,4,direct,leisure,GB,171.16,False,P002
2022-03-19,2022-03-14T00:00:00Z,3,direct,leisure,US,140.65,False,P002
2022-03-19,2022-03-06T00:00:00Z,1,direct,leisure,MX,171.83,False,P002
2022-03-19,2022-03-02T00:00:00Z,3,ota,leisure,MX,175.85,False,P002
2022-03-19,2022-03-15T00:00:00Z,5,direct,business,CA,145.18,False,P002
2022-03-19,2022-03-12T00:00:00Z,3,direct,leisure,DE,214.92,True,P002
2022-03-19,2022-02-26T00:00:00Z,2,ota,leisure,GB,146.64,False,P002
2022-03-20,2022-02-06T00:00:00Z,3,ota,business,MX,110.01,False,P002
2022-03-20,2022-02-28T00:00:00Z,4,ota,business,GB,138.08,False,P002
2022-03-20,2022-02-18T00:00:00Z,4,direct,business,DE,167.33,False,P002
2022-03-20,2022-01-19T00:00:00Z,3,direct,leisure,US,126.56,False,P002
2022-03-20,2022-03-07T00:00:00Z,1,direct,business,CA,133.96,False,P002
2022-03-20,2022-02-25T00:00:00Z,1,ota,business,DE,103.27,False,P002
2022-03-20,2022-03-03T00:00:00Z,2,ota,business,CA,147.05,False,P002
2022-03-20,2022-02-01T00:00:00Z,1,direct,business,CA,106.06,False,P002
2022-03-20,2022-02-26T00:00:00Z,5,direct,business,US,165.89,False,P002
2022-03-20,2022-02-20T00:00:00Z,3,ota,business,DE,145.42,False,P002
2022-03-20,2022-02-19T00:00:00Z,1,ota,leisure,MX,154.91,False,P002
2022-03-20,2022-03-12T00:00:00Z,2,direct,business,GB,132.04,False,P002
2022-03-20,2022-03-11T00:00:00Z,2,ota,business,US,186.6,False,P002
2022-03-20,2022-03-16T00:00:00Z,4,ota,business,DE,143.15,True,P002
2022-03-20,2022-02-28T00:00:00Z,3,direct,leisure,MX,192.47,False,P002
2022-03-20,2022-03-10T00:00:00Z,5,direct,leisure,MX,118.6,False,P002
2022-03-20,2022-03-12T00:00:00Z,1,ota,business,CA,117.44,False,P002
2022-03-20,2022-03-08T00:00:00Z,5,ota,business,GB,149.42,False,P002
2022-03-20,2022-02-28T00:00:00Z,1,direct,leisure,MX,94.04,False,P002
2022-03-21,2022-03-08T00:00:00Z,1,direct,leisure,CA,166.83,False,P002
2022-03-21,2022-02-23T00:00:00Z,2,direct,leisure,DE,94.48,False,P002
2022-03-21,2022-03-17T00:00:00Z,2,ota,business,GB,181.51,False,P002
2022-03-21,2022-03-13T00:00:00Z,1,ota,leisure,DE,152.24,False,P002
2022-03-21,2022-03-01T00:00:00Z,1,ota,business,US,167.53,False,P002
2022-03-21,2022-03-15T00:00:00Z,2,direct,leisure,GB,141.77,False,P002
2022-03-21,2022-02-27T00:00:00Z,3,ota,leisure,US,158.71,False,P002
2022-03-21,2022-01-20T00:00:00Z,2,ota,business,CA,157.65,False,P002
2022-03-21,2022-03-15T00:00:00Z,3,direct,leisure,GB,124.7,False,P002
2022-03-21,2022-03-02T00:00:00Z,4,ota,leisure,DE,207.25,False,P002
2022-03-21,2022-02-20T00:00:00Z,2,ota,business,GB,154.15,False,P002
2022-03-21,2022-02-06T00:00:00Z,3,ota,business,MX,204.3,False,P002
2022-03-21,2022-02-10T00:00:00Z,5,direct,business,CA,149.17,False,P002
2022-03-21,2022-03-05T00:00:00Z,4,ota,business,GB,193.23,True,P002
2022-03-21,2022-03-11T00:00:00Z,3,ota,business,MX,143.09,False,P002
2022-03-22,2022-03-18T00:00:00Z,1,direct,business,CA,113.51,False,P002
2022-03-22,2022-03-05T00:00:00Z,2,ota,leisure,MX,190.8,False,P002
2022-03-22,2022-02-10T00:00:00Z,2,ota,leisure,DE,168.99,False,P002
2022-03-22,2022-03-12T00:00:00Z,3,ota,leisure,MX,140.78,False,P002
2022-03-22,2022-03-10T00:00:00Z,1,ota,leisure,CA,153.25,False,P002
2022-03-22,2022-01-21T00:00:00Z,3,ota,business,US,148.18,False,P002
2022-03-22,2022-02-21T00:00:00Z,4,direct,leisure,CA,164.9,False,P002
2022-03-22,2022-01-21T00:00:00Z,1,direct,leisure,GB,205.65,False,P002
2022-03-22,2022-02-24T00:00:00Z,2,ota,business,CA,127.44,False,P002
2022-03-22,2022-03-06T00:00:00Z,6,ota,leisure,US,119.8,False,P002
2022-03-22,2022-02-16T00:00:00Z,6,direct,leisure,CA,174.78,False,P002
2022-03-22,2022-03-15T00:00:00Z,3,direct,business,MX,138.7,True,P002
2022-03-22,2022-03-13T00:00:00Z,1,direct,leisure,US,141.97,False,P002
2022-03-22,2022-01-21T00:00:00Z,4,direct,business,CA,185.27,False,P002
2022-03-23,2022-03-21T00:00:00Z,1,direct,business,GB,130.72,False,P002
2022-03-23,2022-02-09T00:00:00Z,3,direct,business,US,129.6,False,P002
2022-03-23,2022-02-12T00:00:00Z,2,ota,business,MX,163.2,False,P002
2022-03-23,2022-03-15T00:00:00Z,4,direct,leisure,GB,128.65,True,P002
2022-03-23,2022-03-19T00:00:00Z,1,ota,business,CA,168.44,False,P002
2022-03-23,2022-03-08T00:00:00Z,5,ota,leisure,DE,175.73,False,P002
2022-03-23,2022-02-25T00:00:00Z,4,ota,business,GB,113.39,False,P002
2022-03-23,2022-03-19T00:00:00Z,2,direct,leisure,US,126.67,False,P002
2022-03-23,2022-03-06T00:00:00Z,5,direct,business,DE,128.44,False,P002
2022-03-23,2022-03-19T00:00:00Z,4,direct,business,US,118.45,False,P002
2022-03-23,2022-02-13T00:00:00Z,2,ota,leisure,DE,203.98,False,P002
2022-03-23,2022-03-15T00:00:00Z,2,direct,leisure,MX,151.15,False,P002
2022-03-23,2022-02-02T00:00:00Z,1,ota,leisure,US,108.19,False,P002
2022-03-23,2022-03-19T00:00:00Z,3,ota,leisure,US,132.54,False,P002
2022-03-23,2022-03-10T00:00:00Z,3,ota,leisure,MX,107.7,True,P002
2022-03-23,2022-02-14T00:00:00Z,1,ota,business,MX,204.32,False,P002
2022-03-23,2022-03-09T00:00:00Z,1,ota,business,GB,181.02,False,P002
2022-03-24,2022-02-21T00:00:00Z,2,ota,leisure,GB,164.74,False,P002
2022-03-24,2022-02-05T00:00:00Z,1,ota,business,GB,191.49,True,P002
2022-03-24,2022-03-20T00:00:00Z,1,ota,leisure,DE,146.75,False,P002
2022-03-24,2022-02-22T00:00:00Z,2,direct,business,US,221.73,False,P002
2022-03-24,2022-02-12T00:00:00Z,2,direct,business,MX,185.29,False,P002
2022-03-24,2022-03-18T00:00:00Z,1,ota,leisure,DE,150.19,False,P002
2022-03-24,2022-03-21T00:00:00Z,3,ota,leisure,MX,127.54,False,P002
2022-03-24,2022-03-21T00:00:00Z,6,ota,business,GB,185.7,False,P002
2022-03-24,2022-03-21T00:00:00Z,8,ota,business,DE,143.94,False,P002
2022-03-24,2022-03-18T00:00:00Z,1,ota,leisure,MX,109.81,False,P002
2022-03-24,2022-02-19T00:00:00Z,5,direct,leisure,DE,118.71,False,P002
2022-03-24,2022-03-11T00:00:00Z,3,ota,business,DE,139.62,False,P002
2022-03-24,2022-03-15T00:00:00Z,4,direct,business,CA,155.27,False,P002
2022-03-24,2022-03-20T00:00:00Z,5,ota,business,GB,162.43,False,P002
2022-03-24,2022-03-22T00:00:00Z,2,ota,leisure,GB,179.99,False,P002
2022-03-24,2022-01-23T00:00:00Z,2,ota,leisure,MX,140.47,False,P002
2022-03-24,2022-03-18T00:00:00Z,2,ota,business,DE,108.58,False,P002
2022-03-24,2022-02-28T00:00:00Z,3,ota,leisure,GB,182.83,False,P002
2022-03-25,2022-02-08T00:00:00Z,1,ota,business,US,158.73,False,P002
2022-03-25,2022-03-14T00:00:00Z,3,direct,leisure,DE,167.6,False,P002
2022-03-25,2022-03-20T00:00:00Z,4,direct,business,GB,133.28,False,P002
2022-03-25,2022-03-05T00:00:00Z,3,ota,business,DE,122.23,False,P002
2022-03-25,2022-03-19T00:00:00Z,4,ota,leisure,MX,174.65,False,P002
2022-03-25,2022-02-25T00:00:00Z,1,ota,leisure,DE,147.46,False,P002
2022-03-25,2022-03-18T00:00:00Z,4,ota,leisure,MX,86.42,False,P002
2022-03-25,2022-03-19T00:00:00Z,4,ota,business,DE,150.95,False,P002
2022-03-25,2022-03-20T00:00:00Z,2,ota,business,GB,174.34,False,P002
2022-03-25,2022-03-06T00:00:00Z,5,direct,leisure,US,177.59,False,P002
2022-03-25,2022-01-24T00:00:00Z,1,ota,business,MX,123.88,False,P002
2022-03-25,2022-02-14T00:00:00Z,2,direct,leisure,DE,127.05,False,P002
2022-03-25,2022-03-16T00:00:00Z,6,ota,business,MX,140.97,False,P002
2022-03-25,2022-02-03T00:00:00Z,4,direct,leisure,DE,140.74,False,P002
2022-03-25,2022-03-21T00:00:00Z,3,direct,business,GB,179.55,False,P002
2022-03-25,2022-02-09T00:00:00Z,2,ota,business,CA,153.05,False,P002
2022-03-25,2022-03-22T00:00:00Z,1,direct,business,CA,194.5,False,P002
2022-03-26,2022-03-20T00:00:00Z,3,ota,business,GB,161.34,True,P002
2022-03-26,2022-02-15T00:00:00Z,1,ota,business,GB,165.56,False,P002
2022-03-26,2022-03-23T00:00:00Z,2,direct,leisure,CA,137.28,False,P002
2022-03-26,2022-02-14T00:00:00Z,3,ota,business,MX,176.5,False,P002
2022-03-26,2022-03-14T00:00:00Z,4,direct,leisure,CA,133.58,False,P002
2022-03-26,2022-03-22T00:00:00Z,2,ota,leisure,DE,172.14,False,P002
2022-03-26,2022-02-17T00:00:00Z,3,direct,leisure,MX,143.07,False,P002
2022-03-26,2022-03-11T00:00:00Z,4,direct,leisure,MX,172.19,False,P002
2022-03-26,2022-03-07T00:00:00Z,4,ota,business,MX,170.58,False,P002
2022-03-26,2022-03-03T00:00:00Z,1,ota,business,CA,209.87,False,P002
2022-03-26,2022-02-19T00:00:00Z,1,ota,leisure,DE,127.52,False,P002
2022-03-26,2022-02-05T00:00:00Z,1,ota,business,CA,159.74,False,P002
2022-03-26,2022-01-28T00:00:00Z,1,direct,business,GB,158.99,False,P002
2022-03-26,2022-03-13T00:00:00Z,4,direct,leisure,US,125.4,False,P002
2022-03-26,2022-03-05T00:00:00Z,4,direct,business,CA,187.98,True,P002
2022-03-27,2022-02-06T00:00:00Z,2,ota,leisure,CA,155.3,False,P002
2022-03-27,2022-03-22T00:00:00Z,1,ota,leisure,MX,166.14,False,P002
2022-03-27,2022-03-22T00:00:00Z,3,ota,business,US,200.74,False,P002
2022-03-27,2022-03-20T00:00:00Z,2,ota,leisure,MX,157.72,False,P002
2022-03-27,2022-03-20T00:00:00Z,3,ota,business,GB,164.82,False,P002
2022-03-27,2022-03-23T00:00:00Z,2,ota,business,US,170.93,False,P002
2022-03-27,2022-03-11T00:00:00Z,6,ota,leisure,CA,90.65,False,P002
2022-03-27,2022-01-26T00:00:00Z,2,ota,leisure,CA,125.26,False,P002
2022-03-27,2022-01-26T00:00:00Z,2,ota,business,GB,106.03,False,P002
2022-03-27,2022-01-27T00:00:00Z,2,ota,business,MX,184.39,False,P002
2022-03-27,2022-03-07T00:00:00Z,1,ota,business,DE,177.49,False,P002
2022-03-27,2022-02-07T00:00:00Z,3,ota,leisure,US,150.11,False,P002
2022-03-27,2022-03-20T00:00:00Z,3,ota,business,CA,218.88,False,P002
2022-03-27,2022-03-25T00:00:00Z,1,direct,leisure,DE,163.59,False,P002
2022-03-28,2022-03-20T00:00:00Z,3,ota,leisure,CA,116.6,False,P002
2022-03-28,2022-03-11T00:00:00Z,3,ota,business,DE,141.7,False,P002
2022-03-28,2022-03-20T00:00:00Z,3,direct,business,DE,143.69,False,P002
2022-03-28,2022-03-01T00:00:00Z,3,ota,business,DE,80.1,False,P002
2022-03-28,2022-02-06T00:00:00Z,4,direct,business,CA,162.78,False,P002
2022-03-28,2022-02-22T00:00:00Z,4,direct,business,GB,150.41,True,P002
2022-03-28,2022-03-10T00:00:00Z,3,ota,leisure,US,192.47,True,P002
2022-03-28,2022-02-12T00:00:00Z,5,direct,leisure,MX,114.15,False,P002
2022-03-28,2022-01-27T00:00:00Z,6,direct,leisure,GB,184.55,False,P002
2022-03-28,2022-03-24T00:00:00Z,5,direct,business,US,177.94,False,P002
2022-03-28,2022-03-23T00:00:00Z,1,direct,business,US,130.24,False,P002
2022-03-29,2022-03-21T00:00:00Z,3,direct,business,MX,101.26,False,P002
2022-03-29,2022-02-26T00:00:00Z,3,ota,leisure,DE,131.45,False,P002
2022-03-29,2022-03-18T00:00:00Z,2,direct,leisure,CA,227.95,False,P002
2022-03-29,2022-02-20T00:00:00Z,5,ota,leisure,US,139.25,False,P002
2022-03-29,2022-03-13T00:00:00Z,3,ota,leisure,MX,166.27,False,P002
2022-03-29,2022-02-27T00:00:00Z,2,ota,leisure,CA,181.62,False,P002
2022-03-29,2022-03-17T00:00:00Z,8,ota,leisure,MX,186.76,False,P002
2022-03-29,2022-03-24T00:00:00Z,5,direct,business,US,165.49,True,P002
2022-03-29,2022-02-05T00:00:00Z,2,direct,leisure,GB,189.26,False,P002
2022-03-29,2022-02-28T00:00:00Z,2,ota,leisure,US,172.02,False,P002
2022-03-29,2022-03-24T00:00:00Z,2,direct,business,MX,134.59,False,P002
2022-03-29,2022-03-22T00:00:00Z,2,direct,business,GB,165.48,False,P002
2022-03-29,2022-03-25T00:00:00Z,2,ota,business,CA,129.55,False,P002
2022-03-29,2022-01-28T00:00:00Z,2,direct,leisure,DE,177.74,False,P002
2022-03-29,2022-03-27T00:00:00Z,2,direct,leisure,GB,88.27,False,P002
2022-03-30,2022-02-23T00:00:00Z,9,direct,business,DE,191.57,True,P002
2022-03-30,2022-02-21T00:00:00Z,3,direct,leisure,DE,170.5,False,P002
2022-03-30,2022-01-29T00:00:00Z,7,direct,business,GB,138.5,False,P002
2022-03-30,2022-01-29T00:00:00Z,1,ota,business,GB,94.38,False,P002
2022-03-30,2022-03-16T00:00:00Z,1,ota,business,US,148.46,False,P002
2022-03-30,2022-03-24T00:00:00Z,4,ota,leisure,MX,114.0,False,P002
2022-03-30,2022-03-25T00:00:00Z,4,direct,leisure,CA,155.68,False,P002
2022-03-30,2022-03-19T00:00:00Z,4,ota,leisure,DE,141.07,False,P002
2022-03-30,2022-03-08T00:00:00Z,3,direct,leisure,CA,166.66,False,P002
2022-03-30,2022-02-21T00:00:00Z,3,ota,business,CA,134.39,False,P002
2022-03-30,2022-03-18T00:00:00Z,4,ota,business,DE,153.45,False,P002
2022-03-30,2022-02-22T00:00:00Z,3,direct,leisure,DE,120.81,False,P002
2022-03-30,2022-03-29T00:00:00Z,2,direct,leisure,GB,134.74,False,P002
2022-03-30,2022-03-15T00:00:00Z,2,direct,business,GB,127.88,False,P002
2022-03-31,2022-03-17T00:00:00Z,4,direct,business,US,159.65,False,P002
2022-03-31,2022-03-28T00:00:00Z,2,direct,business,DE,146.22,True,P002
2022-03-31,2022-02-17T00:00:00Z,6,direct,business,MX,87.2,False,P002
2022-03-31,2022-03-09T00:00:00Z,1,ota,business,CA,160.28,False,P002
2022-03-31,2022-03-08T00:00:00Z,3,ota,business,DE,165.39,False,P002
2022-03-31,2022-03-27T00:00:00Z,2,direct,business,CA,157.5,False,P002
2022-03-31,2022-03-09T00:00:00Z,5,direct,business,CA,147.71,False,P002
2022-03-31,2022-03-26T00:00:00Z,5,direct,business,GB,145.15,False,P002
2022-03-31,2022-03-22T00:00:00Z,2,ota,leisure,US,194.86,False,P002
2022-03-31,2022-03-21T00:00:00Z,5,direct,business,GB,151.02,False,P002
2022-03-31,2022-03-26T00:00:00Z,4,ota,leisure,GB,144.97,False,P002
2022-03-31,2022-03-16T00:00:00Z,4,direct,business,GB,153.35,False,P002
2022-03-31,2022-03-24T00:00:00Z,8,direct,business,DE,192.53,False,P002
2022-03-31,2022-03-21T00:00:00Z,1,ota,leisure,GB,112.92,False,P002
2022-03-31,2022-03-06T00:00:00Z,2,direct,business,MX,125.76,False,P002
2022-03-31,2022-02-25T00:00:00Z,2,direct,business,MX,164.75,False,P002
2022-03-31,2022-03-01T00:00:00Z,1,ota,leisure,GB,158.31,True,P002
2022-03-31,2022-03-19T00:00:00Z,1,ota,leisure,US,172.01,False,P002
2022-03-31,2022-03-26T00:00:00Z,2,ota,business,DE,182.2,False,P002
2022-03-31,2022-02-21T00:00:00Z,4,direct,business,US,169.89,False,P002
2022-03-31,2022-02-21T00:00:00Z,2,direct,leisure,DE,160.5,False,P002
2022-03-31,2022-03-03T00:00:00Z,7,ota,leisure,MX,143.2,True,P002
2022-01-01,2021-12-21T00:00:00Z,3,ota,leisure,DE,148.28,False,P003
2022-01-01,2021-12-25T00:00:00Z,4,ota,leisure,MX,188.83,False,P003
2022-01-01,2021-11-30T00:00:00Z,1,direct,business,DE,140.9,False,P003
2022-01-01,2021-12-29T00:00:00Z,2,ota,business,US,164.18,False,P003
2022-01-01,2021-12-09T00:00:00Z,3,direct,business,MX,130.72,False,P003
2022-01-01,2021-11-18T00:00:00Z,2,direct,business,CA,117.9,False,P003
2022-01-01,2021-11-02T00:00:00Z,6,ota,leisure,GB,180.32,False,P003
2022-01-01,2021-12-15T00:00:00Z,4,ota,leisure,US,176.47,False,P003
2022-01-01,2021-12-21T00:00:00Z,4,ota,leisure,US,130.78,False,P003
2022-01-01,2021-12-09T00:00:00Z,3,direct,business,DE,113.41,False,P003
2022-01-01,2021-12-24T00:00:00Z,6,ota,leisure,MX,134.78,False,P003
2022-01-01,2021-12-23T00:00:00Z,2,direct,business,US,92.55,False,P003
2022-01-01,2021-12-25T00:00:00Z,1,ota,business,GB,134.59,False,P003
2022-01-01,2021-12-25T00:00:00Z,2,ota,business,DE,175.66,False,P003
2022-01-01,2021-12-24T00:00:00Z,5,direct,leisure,MX,132.82,False,P003
2022-01-01,2021-11-17T00:00:00Z,3,ota,leisure,DE,150.98,False,P003
2022-01-01,2021-12-02T00:00:00Z,2,direct,business,US,178.48,False,P003
2022-01-01,2021-11-22T00:00:00Z,3,ota,leisure,MX,130.72,False,P003
2022-01-01,2021-12-25T00:00:00Z,4,direct,business,GB,173.84,False,P003
2022-01-01,2021-12-30T00:00:00Z,4,direct,business,MX,126.34,False,P003
2022-01-01,2021-12-24T00:00:00Z,2,ota,leisure,GB,102.18,False,P003
2022-01-01,2021-11-02T00:00:00Z,4,direct,leisure,CA,133.52,False,P003
2022-01-02,2021-12-27T00:00:00Z,1,ota,business,MX,101.06,False,P003
2022-01-02,2021-12-28T00:00:00Z,2,ota,business,US,178.85,False,P003
2022-01-02,2021-12-27T00:00:00Z,1,direct,business,GB,124.37,False,P003
2022-01-02,2021-12-21T00:00:00Z,3,ota,business,US,160.88,False,P003
2022-01-02,2021-11-11T00:00:00Z,4,ota,business,MX,141.51,False,P003
2022-01-02,2021-12-05T00:00:00Z,3,direct,leisure,GB,143.12,False,P003
2022-01-02,2021-12-02T00:00:00Z,3,direct,leisure,GB,122.52,False,P003
2022-01-02,2021-12-23T00:00:00Z,2,direct,leisure,GB,173.02,False,P003
2022-01-02,2021-12-26T00:00:00Z,2,direct,leisure,MX,133.94,False,P003
2022-01-02,2021-11-04T00:00:00Z,1,ota,business,CA,129.29,False,P003
2022-01-02,2021-11-30T00:00:00Z,1,ota,business,DE,194.93,False,P003
2022-01-03,2022-01-01T00:00:00Z,5,direct,business,US,208.77,True,P003
2022-01-03,2021-11-04T00:00:00Z,5,direct,business,DE,211.36,False,P003
2022-01-03,2021-11-28T00:00:00Z,3,ota,business,GB,105.12,False,P003
2022-01-03,2021-12-24T00:00:00Z,3,direct,leisure,GB,103.15,True,P003
2022-01-03,2021-11-25T00:00:00Z,4,direct,business,US,172.48,False,P003
2022-01-03,2021-12-25T00:00:00Z,2,direct,business,DE,147.49,False,P003
2022-01-03,2021-11-30T00:00:00Z,3,direct,leisure,DE,171.89,False,P003
2022-01-03,2021-12-27T00:00:00Z,1,direct,business,CA,115.83,False,P003
2022-01-03,2021-12-29T00:00:00Z,1,direct,leisure,MX,118.6,False,P003
2022-01-03,2021-11-25T00:00:00Z,3,direct,business,MX,144.46,False,P003
2022-01-03,2021-11-04T00:00:00Z,5,ota,business,DE,167.13,False,P003
2022-01-03,2021-12-14T00:00:00Z,5,ota,business,US,177.97,False,P003
2022-01-03,2021-12-28T00:00:00Z,6,direct,leisure,DE,146.77,False,P003
2022-01-03,2021-11-04T00:00:00Z,1,ota,business,CA,128.61,False,P003
2022-01-03,2021-12-28T00:00:00Z,1,direct,business,CA,148.43,False,P003
2022-01-03,2021-12-27T00:00:00Z,5,direct,leisure,US,179.03,False,P003
2022-01-04,2021-12-31T00:00:00Z,2,ota,business,GB,173.63,False,P003
2022-01-04,2021-12-29T00:00:00Z,2,direct,business,DE,155.37,False,P003
2022-01-04,2021-11-25T00:00:00Z,1,ota,business,US,120.35,False,P003
2022-01-04,2021-12-19T00:00:00Z,3,direct,leisure,CA,164.6,False,P003
2022-01-04,2021-11-05T00:00:00Z,2,direct,leisure,CA,146.23,False,P003
2022-01-04,2022-01-01T00:00:00Z,2,ota,business,DE,88.46,False,P003
2022-01-04,2021-12-19T00:00:00Z,1,ota,leisure,GB,165.76,False,P003
2022-01-04,2021-12-29T00:00:00Z,6,direct,business,GB,185.59,False,P003
2022-01-04,2021-12-23T00:00:00Z,5,ota,leisure,CA,138.74,False,P003
2022-01-05,2021-12-23T00:00:00Z,1,direct,business,GB,182.47,False,P003
2022-01-05,2021-12-02T00:00:00Z,4,direct,business,GB,96.69,False,P003
2022-01-05,2021-12-31T00:00:00Z,4,ota,leisure,DE,161.69,False,P003
2022-01-05,2021-12-17T00:00:00Z,1,ota,business,US,160.67,False,P003
2022-01-05,2021-12-21T00:00:00Z,1,direct,business,MX,175.52,False,P003
2022-01-05,2021-12-15T00:00:00Z,6,direct,leisure,GB,164.89,False,P003
2022-01-05,2021-12-27T00:00:00Z,2,ota,leisure,MX,182.75,False,P003
2022-01-05,2021-12-30T00:00:00Z,2,ota,leisure,CA,130.37,False,P003
2022-01-05,2021-11-06T00:00:00Z,1,direct,leisure,CA,159.68,False,P003
2022-01-05,2021-12-29T00:00:00Z,2,direct,leisure,GB,172.62,True,P003
2022-01-05,2021-12-24T00:00:00Z,2,ota,business,DE,145.9,False,P003
2022-01-05,2021-11-06T00:00:00Z,7,direct,business,MX,173.11,False,P003
2022-01-05,2021-12-26T00:00:00Z,4,ota,leisure,MX,116.23,False,P003
2022-01-05,2021-12-26T00:00:00Z,1,direct,leisure,DE,106.24,True,P003
2022-01-05,2021-12-26T00:00:00Z,4,direct,leisure,MX,134.93,False,P003
2022-01-05,2021-12-30T00:00:00Z,1,ota,business,DE,196.42,False,P003
2022-01-05,2021-12-14T00:00:00Z,3,direct,leisure,GB,187.65,False,P003
2022-01-05,2021-12-25T00:00:00Z,8,direct,leisure,DE,164.96,False,P003
2022-01-05,2021-12-27T00:00:00Z,3,direct,business,MX,171.91,False,P003
2022-01-06,2021-12-31T00:00:00Z,4,ota,business,MX,191.57,False,P003
2022-01-06,2022-01-02T00:00:00Z,4,ota,leisure,US,145.17,False,P003
2022-01-06,2021-11-07T00:00:00Z,4,ota,leisure,US,94.84,False,P003
2022-01-06,2021-11-21T00:00:00Z,7,direct,leisure,MX,190.53,False,P003
2022-01-06,2021-11-18T00:00:00Z,2,direct,leisure,DE,135.93,True,P003
2022-01-06,2021-12-16T00:00:00Z,1,ota,leisure,US,134.86,False,P003
2022-01-06,2021-12-09T00:00:00Z,5,ota,leisure,US,142.12,False,P003
2022-01-06,2021-12-29T00:00:00Z,3,ota,leisure,DE,176.79,False,P003
2022-01-06,2021-12-31T00:00:00Z,1,ota,leisure,US,138.98,False,P003
2022-01-06,2021-12-26T00:00:00Z,3,ota,leisure,GB,98.37,False,P003
2022-01-06,2021-12-25T00:00:00Z,4,direct,leisure,GB,119.89,False,P003
2022-01-06,2021-12-14T00:00:00Z,1,ota,business,MX,114.93,False,P003
2022-01-06,2021-12-28T00:00:00Z,4,ota,leisure,CA,109.61,False,P003
2022-01-07,2021-12-24T00:00:00Z,6,direct,leisure,GB,161.64,False,P003
2022-01-07,2021-12-30T00:00:00Z,2,ota,leisure,DE,161.56,False,P003
2022-01-07,2022-01-03T00:00:00Z,3,direct,business,DE,207.66,False,P003
2022-01-07,2021-12-15T00:00:00Z,5,ota,leisure,US,182.72,False,P003
2022-01-07,2021-11-18T00:00:00Z,2,direct,business,US,156.42,True,P003
2022-01-07,2021-11-08T00:00:00Z,5,direct,business,US,160.51,False,P003
2022-01-07,2022-01-01T00:00:00Z,1,direct,business,US,179.72,False,P003
2022-01-07,2021-12-29T00:00:00Z,5,direct,business,CA,108.13,False,P003
2022-01-07,2021-12-05T00:00:00Z,10,direct,business,MX,177.12,False,P003
2022-01-07,2021-12-05T00:00:00Z,3,ota,leisure,US,132.63,False,P003
2022-01-07,2021-12-31T00:00:00Z,5,direct,leisure,CA,86.21,False,P003
2022-01-07,2021-12-31T00:00:00Z,2,ota,leisure,CA,231.19,False,P003
2022-01-07,2021-12-31T00:00:00Z,5,direct,business,DE,153.56,False,P003
2022-01-07,2021-12-10T00:00:00Z,6,direct,leisure,GB,136.88,False,P003
2022-01-07,2021-12-24T00:00:00Z,2,direct,business,US,156.02,False,P003
2022-01-07,2022-01-03T00:00:00Z,4,ota,business,MX,114.73,False,P003
2022-01-07,2021-12-19T00:00:00Z,3,direct,leisure,CA,184.75,False,P003
2022-01-07,2021-11-23T00:00:00Z,1,ota,business,CA,148.97,False,P003
2022-01-07,2021-11-08T00:00:00Z,2,direct,leisure,GB,145.42,False,P003
2022-01-07,2021-12-07T00:00:00Z,3,ota,business,US,97.15,False,P003
2022-01-07,2021-12-30T00:00:00Z,3,ota,business,US,169.68,False,P003
2022-01-08,2021-12-09T00:00:00Z,4,direct,business,CA,132.48,False,P003
2022-01-08,2021-12-01T00:00:00Z,5,ota,business,GB,162.06,False,P003
2022-01-08,2021-12-31T00:00:00Z,5,ota,business,DE,155.19,False,P003
2022-01-08,2021-11-15T00:00:00Z,5,ota,leisure,DE,144.98,False,P003
2022-01-08,2021-12-24T00:00:00Z,3,direct,leisure,CA,183.92,False,P003
2022-01-08,2022-01-06T00:00:00Z,6,ota,business,CA,192.76,False,P003
2022-01-08,2021-12-21T00:00:00Z,3,direct,leisure,MX,180.88,False,P003
2022-01-08,2022-01-06T00:00:00Z,3,direct,leisure,US,164.96,False,P003
2022-01-08,2021-12-29T00:00:00Z,3,ota,leisure,DE,159.89,False,P003
2022-01-08,2021-12-17T00:00:00Z,3,direct,business,CA,155.16,True,P003
2022-01-08,2021-12-22T00:00:00Z,3,ota,business,GB,181.89,False,P003
2022-01-08,2021-12-11T00:00:00Z,2,direct,leisure,GB,141.23,False,P003
2022-01-08,2021-12-20T00:00:00Z,5,direct,business,CA,126.37,False,P003
2022-01-08,2022-01-05T00:00:00Z,4,direct,business,GB,143.17,False,P003
2022-01-08,2021-11-09T00:00:00Z,1,direct,leisure,DE,122.38,False,P003
2022-01-08,2022-01-01T00:00:00Z,6,ota,business,US,127.66,False,P003
2022-01-08,2021-11-09T00:00:00Z,3,direct,business,MX,126.59,False,P003
2022-01-08,2021-12-04T00:00:00Z,2,direct,leisure,CA,194.8,True,P003
2022-01-08,2021-12-13T00:00:00Z,1,ota,business,CA,118.27,False,P003
2022-01-08,2021-12-24T00:00:00Z,3,ota,business,CA,178.55,True,P003
2022-01-08,2021-12-06T00:00:00Z,3,direct,leisure,US,111.0,False,P003
2022-01-08,2022-01-03T00:00:00Z,3,ota,leisure,GB,100.61,False,P003
2022-01-09,2021-12-10T00:00:00Z,2,ota,leisure,US,162.74,False,P003
2022-01-09,2022-01-04T00:00:00Z,2,direct,business,CA,181.64,False,P003
2022-01-09,2021-12-07T00:00:00Z,4,direct,leisure,CA,168.88,False,P003
2022-01-09,2022-01-04T00:00:00Z,3,direct,business,DE,132.61,False,P003
2022-01-09,2021-11-10T00:00:00Z,4,ota,leisure,DE,124.49,False,P003
2022-01-09,2021-12-15T00:00:00Z,3,direct,leisure,CA,123.68,False,P003
2022-01-09,2021-12-14T00:00:00Z,4,ota,business,GB,112.8,False,P003
2022-01-09,2021-12-24T00:00:00Z,2,ota,business,CA,134.15,False,P003
2022-01-09,2021-12-01T00:00:00Z,1,direct,leisure,MX,78.01,False,P003
2022-01-09,2022-01-04T00:00:00Z,5,ota,business,GB,179.33,False,P003
2022-01-09,2021-12-29T00:00:00Z,4,ota,leisure,US,126.47,False,P003
2022-01-09,2021-11-23T00:00:00Z,3,direct,business,CA,102.77,False,P003
2022-01-09,2021-12-18T00:00:00Z,4,direct,business,DE,182.43,False,P003
2022-01-09,2021-12-06T00:00:00Z,3,ota,business,GB,154.37,False,P003
2022-01-09,2021-11-10T00:00:00Z,2,ota,business,GB,123.31,False,P003
2022-01-09,2022-01-01T00:00:00Z,2,ota,business,MX,145.24,False,P003
2022-01-09,2021-12-29T00:00:00Z,1,ota,leisure,US,178.6,True,P003
2022-01-09,2021-12-17T00:00:00Z,3,direct,business,MX,128.4,False,P003
2022-01-09,2021-12-31T00:00:00Z,2,direct,leisure,US,112.15,False,P003
2022-01-09,2021-11-24T00:00:00Z,2,ota,business,CA,155.23,False,P003
2022-01-10,2022-01-06T00:00:00Z,1,ota,leisure,GB,160.05,False,P003
2022-01-10,2021-11-29T00:00:00Z,1,ota,leisure,US,233.99,False,P003
2022-01-10,2022-01-06T00:00:00Z,1,direct,leisure,DE,169.91,False,P003
2022-01-10,2021-11-11T00:00:00Z,2,direct,business,CA,131.46,False,P003
2022-01-10,2021-12-16T00:00:00Z,2,ota,business,US,179.84,False,P003
2022-01-10,2021-12-27T00:00:00Z,4,ota,business,GB,109.01,False,P003
2022-01-10,2022-01-07T00:00:00Z,2,direct,business,GB,106.18,False,P003
2022-01-10,2021-12-15T00:00:00Z,5,ota,business,DE,149.37,False,P003
2022-01-10,2022-01-02T00:00:00Z,4,direct,leisure,MX,151.62,False,P003
2022-01-10,2021-12-31T00:00:00Z,2,ota,business,GB,110.24,False,P003
2022-01-10,2021-12-19T00:00:00Z,2,direct,business,MX,156.24,False,P003
2022-01-10,2021-12-11T00:00:00Z,3,direct,business,GB,198.06,False,P003
2022-01-10,2021-12-09T00:00:00Z,4,ota,leisure,MX,172.26,False,P003
2022-01-11,2021-12-17T00:00:00Z,5,ota,leisure,MX,81.02,False,P003
2022-01-11,2022-01-06T00:00:00Z,1,direct,business,CA,142.15,False,P003
2022-01-11,2021-12-11T00:00:00Z,3,ota,leisure,GB,147.52,False,P003
2022-01-11,2021-12-04T00:00:00Z,1,ota,leisure,US,185.25,False,P003
2022-01-11,2022-01-03T00:00:00Z,2,ota,business,DE,149.86,False,P003
2022-01-11,2021-11-12T00:00:00Z,3,ota,leisure,CA,139.79,False,P003
2022-01-11,2021-12-06T00:00:00Z,2,ota,business,DE,111.81,False,P003
2022-01-11,2021-11-12T00:00:00Z,1,direct,business,GB,167.28,False,P003
2022-01-11,2022-01-02T00:00:00Z,3,ota,leisure,CA,138.08,False,P003
2022-01-11,2022-01-06T00:00:00Z,3,direct,business,CA,125.31,False,P003
2022-01-11,2022-01-05T00:00:00Z,3,direct,leisure,GB,175.46,False,P003
2022-01-11,2021-12-10T00:00:00Z,7,ota,business,CA,128.43,False,P003
2022-01-12,2021-12-09T00:00:00Z,5,ota,business,CA,90.43,False,P003
2022-01-12,2021-12-26T00:00:00Z,1,direct,business,GB,86.51,False,P003
2022-01-12,2021-11-13T00:00:00Z,4,direct,leisure,MX,139.82,True,P003
2022-01-12,2022-01-08T00:00:00Z,3,ota,business,GB,162.34,True,P003
2022-01-12,2021-12-24T00:00:00Z,9,ota,leisure,MX,185.27,False,P003
2022-01-12,2022-01-06T00:00:00Z,2,ota,leisure,MX,161.66,False,P003
2022-01-12,2022-01-11T00:00:00Z,2,direct,leisure,CA,110.07,False,P003
2022-01-12,2022-01-08T00:00:00Z,2,ota,business,US,135.69,False,P003
2022-01-12,2021-12-10T00:00:00Z,2,direct,business,CA,241.13,False,P003
2022-01-12,2021-11-16T00:00:00Z,3,ota,leisure,DE,159.51,False,P003
2022-01-12,2022-01-05T00:00:00Z,1,ota,business,CA,183.41,False,P003
2022-01-12,2022-01-03T00:00:00Z,4,ota,leisure,US,189.95,True,P003
2022-01-12,2022-01-06T00:00:00Z,3,ota,business,MX,147.61,False,P003
2022-01-13,2022-01-01T00:00:00Z,3,ota,leisure,GB,175.13,True,P003
2022-01-13,2022-01-08T00:00:00Z,1,ota,business,CA,104.13,False,P003
2022-01-13,2021-12-16T00:00:00Z,1,ota,business,US,116.08,False,P003
2022-01-13,2022-01-06T00:00:00Z,5,ota,business,MX,155.97,False,P003
2022-01-13,2021-12-17T00:00:00Z,1,ota,business,MX,205.6,False,P003
2022-01-13,2022-01-04T00:00:00Z,4,direct,business,GB,170.41,False,P003
2022-01-13,2021-12-28T00:00:00Z,3,ota,business,DE,149.99,False,P003
2022-01-13,2022-01-08T00:00:00Z,5,direct,leisure,GB,190.59,False,P003
2022-01-13,2022-01-04T00:00:00Z,4,ota,business,DE,195.9,False,P003
2022-01-13,2021-11-27T00:00:00Z,5,direct,business,GB,151.9,False,P003
2022-01-13,2022-01-03T00:00:00Z,1,direct,leisure,GB,148.07,False,P003
2022-01-13,2021-12-25T00:00:00Z,4,ota,business,MX,82.31,False,P003
2022-01-14,2021-12-29T00:00:00Z,7,direct,business,MX,166.42,False,P003
2022-01-14,2021-11-30T00:00:00Z,3,ota,business,DE,140.69,False,P003
2022-01-14,2021-12-15T00:00:00Z,5,ota,leisure,CA,89.03,True,P003
2022-01-14,2022-01-10T00:00:00Z,1,direct,leisure,DE,168.6,False,P003
2022-01-14,2022-01-09T00:00:00Z,2,ota,leisure,DE,183.48,True,P003
2022-01-14,2021-11-15T00:00:00Z,1,direct,leisure,MX,172.06,False,P003
2022-01-14,2021-12-07T00:00:00Z,2,ota,leisure,MX,206.86,False,P003
2022-01-14,2022-01-06T00:00:00Z,5,ota,business,MX,149.0,False,P003
2022-01-14,2022-01-09T00:00:00Z,2,direct,leisure,US,116.64,False,P003
2022-01-14,2022-01-08T00:00:00Z,2,direct,leisure,GB,163.03,False,P003
2022-01-14,2022-01-09T00:00:00Z,1,direct,leisure,GB,156.89,False,P003
2022-01-14,2022-01-10T00:00:00Z,2,ota,leisure,MX,203.29,False,P003
2022-01-14,2022-01-11T00:00:00Z,1,ota,leisure,CA,109.89,False,P003
2022-01-14,2022-01-04T00:00:00Z,3,direct,business,DE,154.68,False,P003
2022-01-14,2022-01-02T00:00:00Z,2,ota,leisure,MX,86.41,True,P003
2022-01-14,2021-12-11T00:00:00Z,4,direct,business,DE,171.52,False,P003
2022-01-14,2021-12-23T00:00:00Z,5,direct,business,DE,184.41,False,P003
2022-01-14,2022-01-10T00:00:00Z,7,ota,business,CA,123.81,False,P003
2022-01-14,2022-01-05T00:00:00Z,1,direct,business,GB,136.11,False,P003
2022-01-14,2022-01-02T00:00:00Z,2,ota,business,US,167.44,False,P003
2022-01-14,2022-01-07T00:00:00Z,2,direct,leisure,CA,137.77,True,P003
2022-01-14,2022-01-03T00:00:00Z,4,direct,business,MX,189.42,False,P003
2022-01-15,2021-11-16T00:00:00Z,3,direct,leisure,GB,232.56,False,P003
2022-01-15,2022-01-03T00:00:00Z,6,direct,business,DE,220.52,False,P003
2022-01-15,2021-12-03T00:00:00Z,2,ota,leisure,MX,118.13,False,P003
2022-01-15,2021-12-29T00:00:00Z,2,direct,business,MX,99.98,False,P003
2022-01-15,2021-11-24T00:00:00Z,2,direct,business,CA,115.94,False,P003
2022-01-15,2021-12-24T00:00:00Z,5,direct,leisure,DE,201.23,False,P003
2022-01-15,2021-12-31T00:00:00Z,1,ota,leisure,DE,170.01,True,P003
2022-01-15,2021-12-15T00:00:00Z,4,direct,business,GB,78.63,False,P003
2022-01-15,2022-01-12T00:00:00Z,4,direct,business,DE,132.05,True,P003
2022-01-15,2021-12-11T00:00:00Z,3,ota,business,GB,173.73,False,P003
2022-01-15,2021-12-06T00:00:00Z,4,ota,business,DE,117.07,False,P003
2022-01-15,2022-01-06T00:00:00Z,2,ota,business,MX,145.04,False,P003
2022-01-15,2022-01-13T00:00:00Z,2,direct,leisure,DE,111.15,False,P003
2022-01-15,2021-12-12T00:00:00Z,2,ota,leisure,MX,154.94,False,P003
2022-01-15,2022-01-01T00:00:00Z,3,ota,leisure,MX,126.08,False,P003
2022-01-15,2022-01-09T00:00:00Z,3,ota,business,GB,164.5,False,P003
2022-01-15,2022-01-09T00:00:00Z,6,direct,leisure,MX,97.15,False,P003
2022-01-15,2022-01-06T00:00:00Z,5,ota,business,MX,80.06,False,P003
2022-01-15,2021-12-17T00:00:00Z,1,ota,leisure,US,191.87,False,P003
2022-01-16,2021-12-28T00:00:00Z,1,ota,leisure,MX,162.55,False,P003
2022-01-16,2021-12-25T00:00:00Z,3,direct,business,US,83.78,False,P003
2022-01-16,2021-12-11T00:00:00Z,1,direct,business,MX,166.21,False,P003
2022-01-16,2022-01-09T00:00:00Z,4,direct,leisure,US,111.01,False,P003
2022-01-16,2021-12-05T00:00:00Z,4,ota,business,US,133.81,False,P003
2022-01-16,2022-01-08T00:00:00Z,1,direct,business,GB,141.24,False,P003
2022-01-16,2022-01-08T00:00:00Z,4,ota,business,MX,138.99,True,P003
2022-01-16,2021-12-28T00:00:00Z,1,ota,leisure,MX,145.77,False,P003
2022-01-16,2022-01-11T00:00:00Z,1,ota,business,CA,189.04,False,P003
2022-01-16,2022-01-14T00:00:00Z,1,direct,leisure,CA,151.24,False,P003
2022-01-16,2021-12-26T00:00:00Z,1,ota,leisure,GB,178.75,False,P003
2022-01-16,2022-01-12T00:00:00Z,1,ota,leisure,CA,143.91,False,P003
2022-01-16,2022-01-07T00:00:00Z,2,direct,business,MX,141.51,False,P003
2022-01-16,2022-01-11T00:00:00Z,2,ota,business,GB,211.36,False,P003
2022-01-16,2022-01-07T00:00:00Z,2,ota,leisure,CA,173.86,False,P003
2022-01-16,2021-12-12T00:00:00Z,3,direct,leisure,US,146.87,False,P003
2022-01-17,2021-12-12T00:00:00Z,6,ota,leisure,CA,166.64,False,P003
2022-01-17,2022-01-09T00:00:00Z,4,direct,business,CA,129.14,False,P003
2022-01-17,2021-11-28T00:00:00Z,2,ota,leisure,MX,150.64,False,P003
2022-01-17,2021-12-16T00:00:00Z,2,direct,business,DE,116.96,False,P003
2022-01-17,2022-01-10T00:00:00Z,6,direct,business,MX,179.73,False,P003
2022-01-17,2022-01-11T00:00:00Z,1,direct,business,CA,105.87,False,P003
2022-01-17,2022-01-07T00:00:00Z,1,direct,business,CA,122.53,True,P003
2022-01-17,2021-12-15T00:00:00Z,3,ota,leisure,GB,177.72,False,P003
2022-01-17,2021-11-18T00:00:00Z,2,ota,leisure,CA,156.34,False,P003
2022-01-17,2022-01-11T00:00:00Z,3,direct,leisure,MX,184.03,False,P003
2022-01-17,2021-11-27T00:00:00Z,2,direct,leisure,GB,159.18,False,P003
2022-01-17,2022-01-06T00:00:00Z,6,ota,business,US,176.14,True,P003
2022-01-17,2021-11-25T00:00:00Z,1,direct,leisure,MX,152.05,False,P003
2022-01-17,2021-12-17T00:00:00Z,2,direct,business,CA,153.65,True,P003
2022-01-17,2022-01-06T00:00:00Z,1,ota,business,DE,155.85,False,P003
2022-01-18,2022-01-07T00:00:00Z,2,ota,leisure,DE,110.64,False,P003
2022-01-18,2022-01-10T00:00:00Z,1,direct,leisure,DE,162.48,False,P003
2022-01-18,2022-01-14T00:00:00Z,1,direct,leisure,US,149.84,False,P003
2022-01-18,2021-12-29T00:00:00Z,2,direct,leisure,CA,168.12,True,P003
2022-01-18,2022-01-15T00:00:00Z,4,direct,business,US,163.97,False,P003
2022-01-18,2022-01-11T00:00:00Z,4,ota,leisure,US,156.7,False,P003
2022-01-18,2021-12-12T00:00:00Z,7,direct,leisure,CA,117.95,True,P003
2022-01-18,2022-01-11T00:00:00Z,2,ota,business,DE,124.1,False,P003
2022-01-18,2021-12-20T00:00:00Z,2,direct,business,DE,169.49,False,P003
2022-01-18,2022-01-13T00:00:00Z,2,ota,leisure,MX,156.88,False,P003
2022-01-18,2022-01-10T00:00:00Z,1,direct,business,MX,132.74,True,P003
2022-01-18,2021-11-19T00:00:00Z,4,direct,business,DE,131.41,False,P003
2022-01-18,2022-01-08T00:00:00Z,4,direct,leisure,CA,135.04,False,P003
2022-01-19,2021-12-15T00:00:00Z,5,direct,leisure,US,161.63,False,P003
2022-01-19,2022-01-07T00:00:00Z,3,direct,leisure,DE,102.73,False,P003
2022-01-19,2021-12-14T00:00:00Z,3,ota,business,GB,189.06,False,P003
2022-01-19,2022-01-13T00:00:00Z,4,direct,business,US,133.14,False,P003
2022-01-19,2021-11-20T00:00:00Z,2,direct,leisure,GB,168.08,True,P003
2022-01-19,2021-12-08T00:00:00Z,6,ota,business,DE,156.94,False,P003
2022-01-19,2021-12-30T00:00:00Z,3,direct,business,US,193.06,False,P003
2022-01-19,2022-01-07T00:00:00Z,4,ota,business,DE,137.45,True,P003
2022-01-19,2022-01-14T00:00:00Z,3,ota,leisure,US,123.25,False,P003
2022-01-19,2021-12-28T00:00:00Z,3,direct,business,CA,146.97,False,P003
2022-01-19,2022-01-13T00:00:00Z,4,ota,business,US,121.49,False,P003
2022-01-19,2021-11-28T00:00:00Z,4,direct,business,US,141.81,False,P003
2022-01-19,2021-12-18T00:00:00Z,1,ota,business,DE,107.33,False,P003
2022-01-19,2021-12-22T00:00:00Z,6,direct,leisure,GB,114.85,False,P003
2022-01-19,2021-11-20T00:00:00Z,3,ota,business,US,146.42,False,P003
2022-01-19,2021-11-20T00:00:00Z,4,ota,leisure,DE,118.68,False,P003
2022-01-19,2022-01-08T00:00:00Z,5,ota,leisure,MX,121.46,True,P003
2022-01-19,2022-01-02T00:00:00Z,5,direct,business,DE,118.45,False,P003
2022-01-19,2021-12-26T00:00:00Z,1,direct,leisure,GB,124.23,False,P003
2022-01-19,2021-12-06T00:00:00Z,1,ota,business,US,183.88,False,P003
2022-01-19,2021-12-14T00:00:00Z,3,direct,business,DE,173.21,False,P003
2022-01-20,2021-11-21T00:00:00Z,1,direct,business,CA,207.38,False,P003
2022-01-20,2021-12-31T00:00:00Z,2,direct,business,US,116.74,False,P003
2022-01-20,2022-01-11T00:00:00Z,2,direct,business,US,164.59,False,P003
2022-01-20,2021-11-21T00:00:00Z,3,direct,business,US,186.32,False,P003
2022-01-20,2022-01-17T00:00:00Z,1,ota,business,GB,111.0,False,P003
2022-01-20,2022-01-11T00:00:00Z,1,ota,business,CA,127.13,False,P003
2022-01-20,2021-12-28T00:00:00Z,2,direct,leisure,CA,126.25,False,P003
2022-01-20,2022-01-12T00:00:00Z,7,ota,leisure,US,130.91,False,P003
2022-01-20,2021-12-31T00:00:00Z,2,ota,leisure,US,161.86,False,P003
2022-01-20,2022-01-16T00:00:00Z,4,ota,business,GB,149.5,False,P003
2022-01-20,2022-01-15T00:00:00Z,4,direct,business,DE,143.35,False,P003
2022-01-20,2022-01-11T00:00:00Z,7,direct,leisure,MX,127.21,False,P003
2022-01-20,2022-01-17T00:00:00Z,4,ota,business,GB,128.17,False,P003
2022-01-20,2022-01-06T00:00:00Z,6,direct,business,US,188.77,False,P003
2022-01-20,2022-01-08T00:00:00Z,4,direct,leisure,DE,106.59,False,P003
2022-01-21,2022-01-19T00:00:00Z,4,direct,leisure,CA,119.99,False,P003
2022-01-21,2022-01-07T00:00:00Z,2,direct,leisure,MX,142.45,False,P003
2022-01-21,2021-12-02T00:00:00Z,2,direct,business,GB,107.1,False,P003
2022-01-21,2022-01-10T00:00:00Z,3,ota,leisure,DE,136.05,False,P003
2022-01-21,2021-12-22T00:00:00Z,7,ota,leisure,GB,152.07,False,P003
2022-01-21,2021-12-24T00:00:00Z,3,ota,leisure,US,169.99,True,P003
2022-01-21,2021-12-24T00:00:00Z,3,direct,business,CA,138.19,False,P003
2022-01-21,2021-11-22T00:00:00Z,3,ota,leisure,DE,170.06,False,P003
2022-01-21,2022-01-11T00:00:00Z,1,ota,leisure,MX,141.24,False,P003
2022-01-21,2022-01-12T00:00:00Z,4,ota,business,GB,125.98,True,P003
2022-01-21,2022-01-16T00:00:00Z,2,ota,leisure,CA,136.64,False,P003
2022-01-21,2022-01-19T00:00:00Z,7,direct,business,DE,97.81,True,P003
2022-01-21,2022-01-14T00:00:00Z,3,ota,business,DE,220.15,False,P003
2022-01-21,2021-11-28T00:00:00Z,1,ota,business,US,140.08,False,P003
2022-01-21,2021-11-28T00:00:00Z,6,direct,leisure,MX,101.89,False,P003
2022-01-21,2022-01-13T00:00:00Z,4,ota,business,GB,146.17,False,P003
2022-01-21,2022-01-15T00:00:00Z,1,direct,business,DE,168.23,False,P003
2022-01-21,2022-01-17T00:00:00Z,1,direct,leisure,DE,117.14,True,P003
2022-01-21,2022-01-01T00:00:00Z,1,ota,business,GB,164.28,False,P003
2022-01-22,2022-01-13T00:00:00Z,3,direct,business,GB,194.18,False,P003
2022-01-22,2021-12-09T00:00:00Z,5,direct,business,MX,195.61,False,P003
2022-01-22,2022-01-14T00:00:00Z,1,direct,business,GB,106.35,False,P003
2022-01-22,2021-12-07T00:00:00Z,2,ota,leisure,US,186.38,False,P003
2022-01-22,2022-01-05T00:00:00Z,3,ota,business,US,108.46,False,P003
2022-01-22,2022-01-02T00:00:00Z,3,ota,business,CA,128.24,True,P003
2022-01-22,2022-01-02T00:00:00Z,4,ota,business,GB,147.6,False,P003
2022-01-22,2022-01-19T00:00:00Z,4,ota,leisure,DE,115.62,False,P003
2022-01-22,2021-12-31T00:00:00Z,1,ota,business,US,132.47,False,P003
2022-01-22,2022-01-11T00:00:00Z,2,direct,leisure,DE,159.58,False,P003
2022-01-22,2022-01-12T00:00:00Z,3,direct,leisure,DE,133.94,False,P003
2022-01-22,2022-01-17T00:00:00Z,1,direct,business,MX,130.34,False,P003
2022-01-22,2021-11-24T00:00:00Z,6,direct,leisure,DE,110.83,False,P003
2022-01-22,2021-11-28T00:00:00Z,3,ota,business,US,169.04,False,P003
2022-01-22,2021-12-17T00:00:00Z,1,direct,business,US,171.3,False,P003
2022-01-23,2022-01-16T00:00:00Z,2,direct,leisure,GB,167.52,False,P003
2022-01-23,2022-01-17T00:00:00Z,2,direct,business,CA,127.67,False,P003
2022-01-23,2021-12-25T00:00:00Z,2,direct,leisure,DE,92.93,True,P003
2022-01-23,2022-01-14T00:00:00Z,5,ota,leisure,CA,157.79,False,P003
2022-01-23,2021-12-03T00:00:00Z,1,direct,leisure,CA,192.22,False,P003
2022-01-23,2021-12-29T00:00:00Z,2,direct,business,MX,150.9,False,P003
2022-01-23,2022-01-17T00:00:00Z,1,ota,business,GB,133.36,False,P003
2022-01-23,2022-01-18T00:00:00Z,3,direct,business,MX,146.63,False,P003
2022-01-23,2021-11-25T00:00:00Z,2,ota,business,MX,118.99,False,P003
2022-01-23,2022-01-20T00:00:00Z,2,ota,leisure,US,93.73,False,P003
2022-01-23,2022-01-18T00:00:00Z,4,ota,leisure,DE,159.64,False,P003
2022-01-23,2022-01-12T00:00:00Z,1,ota,business,MX,111.28,False,P003
2022-01-23,2022-01-03T00:00:00Z,4,direct,business,MX,143.87,False,P003
2022-01-23,2022-01-08T00:00:00Z,2,direct,leisure,MX,178.41,False,P003
2022-01-23,2022-01-08T00:00:00Z,5,direct,leisure,US,135.14,False,P003
2022-01-23,2022-01-14T00:00:00Z,8,direct,leisure,MX,192.57,False,P003
2022-01-24,2021-12-17T00:00:00Z,1,ota,business,DE,151.94,False,P003
2022-01-24,2021-12-25T00:00:00Z,5,direct,leisure,MX,135.39,False,P003
2022-01-24,2022-01-20T00:00:00Z,1,ota,business,MX,110.6,False,P003
2022-01-24,2022-01-16T00:00:00Z,1,ota,leisure,DE,145.97,False,P003
2022-01-24,2021-12-17T00:00:00Z,3,ota,business,MX,155.05,False,P003
2022-01-24,2022-01-15T00:00:00Z,1,direct,business,DE,132.07,False,P003
2022-01-24,2022-01-19T00:00:00Z,4,direct,leisure,US,67.33,False,P003
2022-01-24,2022-01-19T00:00:00Z,2,ota,business,CA,130.24,False,P003
2022-01-24,2022-01-04T00:00:00Z,1,direct,business,DE,141.36,False,P003
2022-01-24,2022-01-01T00:00:00Z,3,ota,business,GB,154.71,False,P003
2022-01-24,2021-12-31T00:00:00Z,4,ota,business,DE,147.1,False,P003
2022-01-24,2022-01-18T00:00:00Z,2,direct,business,DE,137.48,False,P003
2022-01-24,2022-01-17T00:00:00Z,6,ota,business,US,158.88,False,P003
2022-01-24,2022-01-19T00:00:00Z,1,ota,leisure,GB,123.12,False,P003
2022-01-24,2021-12-26T00:00:00Z,5,ota,business,GB,151.57,False,P003
2022-01-24,2022-01-01T00:00:00Z,3,direct,business,GB,132.38,False,P003
2022-01-25,2022-01-21T00:00:00Z,4,direct,business,MX,183.26,False,P003
2022-01-25,2022-01-20T00:00:00Z,7,direct,leisure,MX,144.1,False,P003
2022-01-25,2021-12-25T00:00:00Z,6,ota,business,MX,177.57,False,P003
2022-01-25,2022-01-20T00:00:00Z,5,ota,leisure,GB,92.19,False,P003
2022-01-25,2022-01-21T00:00:00Z,4,direct,leisure,GB,184.25,False,P003
2022-01-25,2021-11-26T00:00:00Z,2,direct,business,MX,137.18,False,P003
2022-01-25,2022-01-21T00:00:00Z,6,direct,business,GB,188.35,False,P003
2022-01-25,2022-01-14T00:00:00Z,5,ota,leisure,DE,110.8,False,P003
2022-01-25,2022-01-11T00:00:00Z,2,ota,business,DE,192.89,False,P003
2022-01-25,2021-12-14T00:00:00Z,3,direct,leisure,GB,188.62,False,P003
2022-01-25,2022-01-16T00:00:00Z,3,direct,leisure,CA,117.6,True,P003
2022-01-25,2022-01-14T00:00:00Z,4,ota,leisure,GB,198.54,True,P003
2022-01-25,2022-01-20T00:00:00Z,1,direct,leisure,MX,154.69,False,P003
2022-01-25,2021-12-27T00:00:00Z,6,direct,leisure,GB,209.4,False,P003
2022-01-25,2022-01-18T00:00:00Z,3,ota,leisure,CA,146.48,False,P003
2022-01-25,2022-01-09T00:00:00Z,2,direct,leisure,CA,157.6,False,P003
2022-01-25,2021-12-17T00:00:00Z,5,direct,business,CA,95.83,False,P003
2022-01-25,2021-11-26T00:00:00Z,4,ota,leisure,GB,89.79,False,P003
2022-01-26,2022-01-23T00:00:00Z,2,direct,leisure,DE,192.63,False,P003
2022-01-26,2022-01-19T00:00:00Z,2,ota,leisure,US,223.31,False,P003
2022-01-26,2022-01-01T00:00:00Z,3,ota,leisure,US,137.91,False,P003
2022-01-26,2021-12-16T00:00:00Z,1,direct,leisure,US,169.98,False,P003
2022-01-26,2021-12-19T00:00:00Z,3,ota,business,CA,155.47,False,P003
2022-01-26,2021-12-26T00:00:00Z,3,direct,leisure,DE,187.31,False,P003
2022-01-26,2022-01-13T00:00:00Z,1,direct,leisure,DE,171.43,True,P003
2022-01-26,2021-12-02T00:00:00Z,3,direct,business,MX,160.41,False,P003
2022-01-26,2022-01-09T00:00:00Z,5,ota,leisure,US,149.49,False,P003
2022-01-26,2022-01-21T00:00:00Z,2,ota,business,GB,160.53,False,P003
2022-01-26,2021-12-07T00:00:00Z,4,direct,business,MX,158.0,False,P003
2022-01-26,2022-01-21T00:00:00Z,1,direct,leisure,US,133.97,False,P003
2022-01-27,2021-12-12T00:00:00Z,3,direct,leisure,MX,113.08,False,P003
2022-01-27,2022-01-21T00:00:00Z,4,ota,leisure,DE,107.1,False,P003
2022-01-27,2022-01-21T00:00:00Z,5,ota,leisure,MX,189.94,False,P003
2022-01-27,2022-01-13T00:00:00Z,2,ota,leisure,US,157.88,False,P003
2022-01-27,2021-12-16T00:00:00Z,5,ota,business,DE,117.52,False,P003
2022-01-27,2022-01-21T00:00:00Z,2,ota,business,GB,193.16,False,P003
2022-01-27,2022-01-06T00:00:00Z,2,ota,leisure,CA,162.82,False,P003
2022-01-27,2021-12-21T00:00:00Z,2,ota,leisure,MX,144.9,False,P003
2022-01-27,2021-12-01T00:00:00Z,3,direct,business,US,173.84,False,P003
2022-01-27,2022-01-17T00:00:00Z,4,direct,business,DE,213.37,False,P003
2022-01-27,2022-01-01T00:00:00Z,4,direct,business,DE,162.74,False,P003
2022-01-27,2022-01-19T00:00:00Z,5,direct,leisure,MX,169.59,False,P003
2022-01-27,2021-12-20T00:00:00Z,3,ota,leisure,MX,190.67,False,P003
2022-01-27,2021-12-09T00:00:00Z,1,ota,business,CA,195.74,False,P003
2022-01-27,2022-01-20T00:00:00Z,2,direct,business,DE,139.73,False,P003
2022-01-27,2021-11-28T00:00:00Z,2,ota,business,CA,154.56,False,P003
2022-01-27,2022-01-01T00:00:00Z,3,direct,leisure,CA,105.68,False,P003
2022-01-28,2022-01-11T00:00:00Z,6,direct,leisure,CA,153.96,False,P003
2022-01-28,2022-01-23T00:00:00Z,3,direct,business,CA,184.88,False,P003
2022-01-28,2021-12-11T00:00:00Z,3,ota,leisure,MX,87.53,False,P003
2022-01-28,2021-11-29T00:00:00Z,3,direct,business,DE,87.48,False,P003
2022-01-28,2022-01-03T00:00:00Z,4,ota,business,MX,142.27,False,P003
2022-01-28,2021-12-29T00:00:00Z,3,direct,leisure,GB,110.84,False,P003
2022-01-28,2021-12-06T00:00:00Z,1,direct,leisure,US,131.39,False,P003
2022-01-28,2022-01-02T00:00:00Z,6,direct,leisure,DE,125.29,False,P003
2022-01-28,2022-01-12T00:00:00Z,1,direct,business,US,188.11,False,P003
2022-01-28,2022-01-25T00:00:00Z,4,ota,leisure,MX,178.51,False,P003
2022-01-28,2021-12-18T00:00:00Z,4,ota,business,MX,90.39,False,P003
2022-01-28,2021-11-29T00:00:00Z,2,direct,leisure,US,112.65,False,P003
2022-01-28,2021-11-29T00:00:00Z,6,ota,business,CA,113.28,False,P003
2022-01-28,2022-01-22T00:00:00Z,7,ota,business,CA,151.95,False,P003
2022-01-28,2022-01-20T00:00:00Z,7,ota,business,GB,138.5,False,P003
2022-01-28,2022-01-24T00:00:00Z,3,ota,business,GB,123.79,False,P003
2022-01-28,2022-01-21T00:00:00Z,3,ota,leisure,MX,172.29,False,P003
2022-01-28,2021-12-25T00:00:00Z,2,direct,business,US,171.23,False,P003
2022-01-28,2022-01-21T00:00:00Z,3,direct,leisure,US,111.2,False,P003
2022-01-28,2022-01-25T00:00:00Z,1,direct,leisure,US,105.5,False,P003
2022-01-28,2021-11-29T00:00:00Z,3,ota,business,CA,154.39,False,P003
2022-01-29,2022-01-21T00:00:00Z,1,direct,business,CA,162.03,False,P003
2022-01-29,2022-01-25T00:00:00Z,1,ota,leisure,GB,154.26,False,P003
2022-01-29,2022-01-16T00:00:00Z,3,direct,leisure,CA,167.02,False,P003
2022-01-29,2021-12-11T00:00:00Z,3,direct,leisure,US,139.77,False,P003
2022-01-29,2022-01-24T00:00:00Z,3,direct,leisure,CA,124.08,False,P003
2022-01-29,2022-01-14T00:00:00Z,1,ota,business,MX,147.96,False,P003
2022-01-29,2022-01-01T00:00:00Z,1,direct,leisure,DE,134.02,False,P003
2022-01-29,2022-01-27T00:00:00Z,4,ota,business,MX,179.52,False,P003
2022-01-29,2022-01-13T00:00:00Z,3,ota,leisure,GB,167.35,False,P003
2022-01-29,2021-12-14T00:00:00Z,3,direct,business,US,147.93,False,P003
2022-01-29,2021-12-12T00:00:00Z,3,direct,leisure,GB,144.78,False,P003
2022-01-29,2022-01-11T00:00:00Z,2,ota,leisure,GB,161.38,False,P003
2022-01-29,2022-01-16T00:00:00Z,1,ota,business,DE,157.53,False,P003
2022-01-29,2022-01-06T00:00:00Z,4,ota,leisure,MX,135.76,False,P003
2022-01-29,2022-01-25T00:00:00Z,2,ota,business,DE,177.3,False,P003
2022-01-29,2022-01-12T00:00:00Z,5,ota,leisure,CA,170.05,True,P003
2022-01-29,2021-11-30T00:00:00Z,5,ota,leisure,CA,143.33,False,P003
2022-01-29,2022-01-20T00:00:00Z,4,direct,business,GB,177.82,False,P003
2022-01-29,2022-01-07T00:00:00Z,5,ota,business,MX,159.38,False,P003
2022-01-29,2021-12-26T00:00:00Z,2,direct,leisure,US,141.99,False,P003
2022-01-29,2022-01-24T00:00:00Z,6,direct,leisure,US,205.22,False,P003
2022-01-30,2022-01-04T00:00:00Z,6,direct,business,GB,139.0,True,P003
2022-01-30,2022-01-12T00:00:00Z,3,ota,business,US,169.32,False,P003
2022-01-30,2022-01-16T00:00:00Z,4,direct,leisure,CA,175.91,False,P003
2022-01-30,2022-01-18T00:00:00Z,6,direct,business,MX,145.5,False,P003
2022-01-30,2021-12-01T00:00:00Z,3,ota,business,DE,179.8,False,P003
2022-01-30,2022-01-18T00:00:00Z,1,ota,business,GB,104.12,False,P003
2022-01-30,2021-12-22T00:00:00Z,4,ota,business,MX,165.66,False,P003
2022-01-30,2022-01-09T00:00:00Z,7,direct,leisure,DE,188.79,False,P003
2022-01-30,2021-12-24T00:00:00Z,4,ota,leisure,DE,226.19,False,P003
2022-01-30,2021-12-01T00:00:00Z,1,direct,leisure,US,193.92,False,P003
2022-01-30,2022-01-28T00:00:00Z,4,direct,business,US,209.98,False,P003
2022-01-30,2021-12-01T00:00:00Z,1,ota,leisure,US,180.24,False,P003
2022-01-30,2022-01-09T00:00:00Z,3,direct,business,DE,181.0,False,P003
2022-01-30,2022-01-28T00:00:00Z,1,direct,leisure,MX,180.23,False,P003
2022-01-30,2022-01-08T00:00:00Z,2,direct,leisure,GB,199.36,False,P003
2022-01-30,2022-01-09T00:00:00Z,5,ota,leisure,DE,97.11,False,P003
2022-01-30,2022-01-19T00:00:00Z,5,ota,business,CA,192.84,False,P003
2022-01-31,2021-12-25T00:00:00Z,3,direct,leisure,GB,117.2,False,P003
2022-01-31,2022-01-25T00:00:00Z,7,ota,business,GB,105.97,False,P003
2022-01-31,2022-01-15T00:00:00Z,3,direct,business,DE,171.55,False,P003
2022-01-31,2022-01-06T00:00:00Z,1,direct,leisure,MX,151.83,False,P003
2022-01-31,2022-01-18T00:00:00Z,4,ota,business,CA,132.1,False,P003
2022-01-31,2022-01-01T00:00:00Z,3,direct,leisure,US,107.01,True,P003
2022-01-31,2022-01-27T00:00:00Z,1,direct,business,US,90.95,False,P003
2022-01-31,2022-01-11T00:00:00Z,5,direct,leisure,MX,93.12,False,P003
2022-01-31,2022-01-27T00:00:00Z,3,ota,leisure,US,153.98,False,P003
2022-01-31,2022-01-16T00:00:00Z,2,ota,business,GB,123.39,False,P003
2022-01-31,2022-01-06T00:00:00Z,8,ota,business,US,126.9,False,P003
2022-01-31,2021-12-11T00:00:00Z,6,direct,business,US,207.74,False,P003
2022-01-31,2022-01-14T00:00:00Z,4,direct,leisure,MX,160.03,False,P003
2022-01-31,2021-12-26T00:00:00Z,4,ota,business,US,145.64,False,P003
2022-01-31,2022-01-25T00:00:00Z,1,ota,leisure,MX,131.98,True,P003
2022-01-31,2021-12-09T00:00:00Z,4,ota,business,US,173.15,False,P003
2022-01-31,2022-01-27T00:00:00Z,4,ota,business,US,106.98,False,P003
2022-01-31,2022-01-25T00:00:00Z,1,ota,leisure,DE,167.4,True,P003
2022-01-31,2021-12-25T00:00:00Z,2,direct,business,GB,234.45,True,P003
2022-01-31,2022-01-13T00:00:00Z,5,ota,leisure,US,135.69,False,P003
2022-01-31,2022-01-11T00:00:00Z,3,ota,business,CA,127.72,False,P003
2022-02-01,2022-01-26T00:00:00Z,1,ota,leisure,GB,149.63,False,P003
2022-02-01,2022-01-25T00:00:00Z,3,ota,business,DE,109.28,False,P003
2022-02-01,2021-12-03T00:00:00Z,3,direct,business,MX,162.14,False,P003
2022-02-01,2022-01-19T00:00:00Z,5,direct,business,DE,142.87,False,P003
2022-02-01,2021-12-21T00:00:00Z,4,ota,business,GB,158.0,False,P003
2022-02-01,2022-01-03T00:00:00Z,1,ota,leisure,MX,133.36,False,P003
2022-02-01,2021-12-03T00:00:00Z,3,ota,leisure,MX,139.76,False,P003
2022-02-01,2022-01-17T00:00:00Z,2,direct,leisure,US,206.7,False,P003
2022-02-01,2021-12-12T00:00:00Z,3,ota,business,MX,111.3,False,P003
2022-02-01,2022-01-15T00:00:00Z,5,ota,business,DE,131.7,False,P003
2022-02-01,2021-12-03T00:00:00Z,3,ota,leisure,GB,256.39,False,P003
2022-02-01,2022-01-27T00:00:00Z,3,direct,business,GB,131.07,False,P003
2022-02-01,2022-01-24T00:00:00Z,3,ota,leisure,CA,171.86,False,P003
2022-02-01,2022-01-22T00:00:00Z,1,ota,business,DE,171.85,False,P003
2022-02-01,2022-01-24T00:00:00Z,4,ota,business,MX,172.52,False,P003
2022-02-01,2022-01-18T00:00:00Z,2,direct,leisure,US,151.28,False,P003
2022-02-02,2022-01-06T00:00:00Z,3,ota,leisure,US,126.64,False,P003
2022-02-02,2022-01-29T00:00:00Z,1,ota,business,GB,106.84,False,P003
2022-02-02,2022-02-01T00:00:00Z,5,direct,business,CA,145.16,False,P003
2022-02-02,2022-01-26T00:00:00Z,2,direct,business,US,171.63,False,P003
2022-02-02,2022-01-26T00:00:00Z,1,direct,business,MX,90.06,False,P003
2022-02-02,2022-01-22T00:00:00Z,4,ota,leisure,US,152.17,False,P003
2022-02-02,2022-01-06T00:00:00Z,6,ota,leisure,MX,162.03,False,P003
2022-02-02,2022-01-18T00:00:00Z,2,ota,business,GB,144.32,False,P003
2022-02-02,2022-01-15T00:00:00Z,7,direct,business,CA,162.93,False,P003
2022-02-02,2022-01-04T00:00:00Z,6,ota,business,CA,147.82,False,P003
2022-02-02,2022-01-05T00:00:00Z,1,ota,business,GB,120.33,False,P003
2022-02-02,2022-01-26T00:00:00Z,3,ota,leisure,CA,88.12,False,P003
2022-02-02,2022-01-13T00:00:00Z,3,direct,business,MX,178.18,False,P003
2022-02-02,2022-01-31T00:00:00Z,4,direct,leisure,DE,165.84,False,P003
2022-02-02,2022-01-05T00:00:00Z,1,ota,leisure,US,108.11,False,P003
2022-02-02,2022-01-10T00:00:00Z,1,direct,business,CA,129.67,False,P003
2022-02-02,2021-12-25T00:00:00Z,4,direct,leisure,DE,139.57,False,P003
2022-02-02,2022-01-29T00:00:00Z,1,ota,business,US,124.19,False,P003
2022-02-02,2022-01-07T00:00:00Z,3,ota,business,GB,140.8,False,P003
2022-02-02,2022-01-21T00:00:00Z,2,ota,business,DE,174.3,False,P003
2022-02-03,2022-01-28T00:00:00Z,2,ota,leisure,GB,214.43,False,P003
2022-02-03,2021-12-05T00:00:00Z,3,ota,business,GB,227.69,False,P003
2022-02-03,2022-01-31T00:00:00Z,3,direct,business,MX,144.42,False,P003
2022-02-03,2022-01-27T00:00:00Z,4,direct,leisure,MX,98.61,False,P003
2022-02-03,2021-12-05T00:00:00Z,2,ota,business,MX,177.53,False,P003
2022-02-03,2021-12-31T00:00:00Z,4,direct,leisure,GB,170.84,False,P003
2022-02-03,2022-01-19T00:00:00Z,6,ota,business,CA,158.09,False,P003
2022-02-03,2022-01-30T00:00:00Z,3,ota,business,MX,114.18,False,P003
2022-02-03,2021-12-27T00:00:00Z,4,direct,leisure,GB,95.47,False,P003
2022-02-03,2022-01-31T00:00:00Z,2,ota,leisure,GB,119.17,True,P003
2022-02-03,2022-01-24T00:00:00Z,1,ota,business,US,137.38,False,P003
2022-02-03,2022-01-22T00:00:00Z,7,direct,business,GB,137.88,False,P003
2022-02-03,2022-01-30T00:00:00Z,4,direct,business,US,151.2,False,P003
2022-02-03,2022-01-26T00:00:00Z,1,ota,business,CA,146.53,False,P003
2022-02-03,2022-01-16T00:00:00Z,2,ota,business,CA,153.73,False,P003
2022-02-03,2022-01-24T00:00:00Z,2,ota,business,DE,129.79,False,P003
2022-02-03,2022-01-16T00:00:00Z,4,direct,business,DE,128.95,False,P003
2022-02-03,2022-01-10T00:00:00Z,3,ota,leisure,CA,120.53,False,P003
2022-02-04,2022-01-23T00:00:00Z,2,ota,business,CA,173.22,False,P003
2022-02-04,2022-01-24T00:00:00Z,8,direct,leisure,GB,193.23,False,P003
2022-02-04,2022-02-01T00:00:00Z,2,ota,business,MX,127.13,False,P003
2022-02-04,2022-01-03T00:00:00Z,1,direct,leisure,US,126.37,False,P003
2022-02-04,2022-01-06T00:00:00Z,2,ota,leisure,MX,139.54,False,P003
2022-02-04,2022-01-13T00:00:00Z,4,direct,business,MX,136.01,False,P003
2022-02-04,2021-12-15T00:00:00Z,2,ota,business,CA,177.07,True,P003
2022-02-04,2022-01-21T00:00:00Z,1,direct,business,MX,169.43,False,P003
2022-02-04,2022-01-26T00:00:00Z,3,direct,business,MX,91.73,False,P003
2022-02-04,2022-01-26T00:00:00Z,3,ota,leisure,CA,132.75,True,P003
2022-02-04,2022-01-07T00:00:00Z,2,direct,leisure,GB,194.28,False,P003
2022-02-04,2021-12-06T00:00:00Z,3,ota,business,MX,151.67,False,P003
2022-02-04,2022-01-31T00:00:00Z,4,ota,leisure,GB,144.58,True,P003
2022-02-04,2022-01-26T00:00:00Z,4,direct,leisure,DE,144.31,False,P003
2022-02-04,2022-01-24T00:00:00Z,4,ota,business,CA,137.9,False,P003
2022-02-05,2022-01-10T00:00:00Z,1,ota,leisure,MX,183.64,False,P003
2022-02-05,2022-01-15T00:00:00Z,5,direct,business,GB,142.09,True,P003
2022-02-05,2021-12-31T00:00:00Z,4,direct,business,MX,174.34,True,P003
2022-02-05,2022-01-28T00:00:00Z,2,direct,leisure,MX,186.16,False,P003
2022-02-05,2022-01-10T00:00:00Z,1,ota,business,US,142.35,False,P003
2022-02-05,2021-12-24T00:00:00Z,3,ota,leisure,MX,123.49,False,P003
2022-02-05,2022-01-26T00:00:00Z,1,ota,leisure,MX,147.17,False,P003
2022-02-05,2022-01-17T00:00:00Z,2,ota,leisure,GB,213.4,False,P003
2022-02-05,2021-12-17T00:00:00Z,1,ota,business,MX,216.8,True,P003
2022-02-05,2021-12-07T00:00:00Z,3,ota,leisure,GB,155.01,False,P003
2022-02-05,2022-01-27T00:00:00Z,4,direct,leisure,US,122.79,False,P003
2022-02-05,2022-01-30T00:00:00Z,7,direct,business,CA,214.86,False,P003
2022-02-05,2022-01-07T00:00:00Z,6,ota,leisure,US,169.59,False,P003
2022-02-05,2022-01-27T00:00:00Z,1,ota,business,DE,104.31,False,P003
2022-02-05,2022-01-29T00:00:00Z,1,ota,leisure,CA,202.25,False,P003
2022-02-06,2021-12-21T00:00:00Z,2,ota,business,CA,165.47,False,P003
2022-02-06,2021-12-08T00:00:00Z,2,ota,business,MX,155.25,False,P003
2022-02-06,2022-01-14T00:00:00Z,3,direct,business,US,171.04,False,P003
2022-02-06,2022-01-30T00:00:00Z,3,direct,business,US,187.51,False,P003
2022-02-06,2022-01-29T00:00:00Z,4,direct,leisure,CA,150.36,False,P003
2022-02-06,2022-01-12T00:00:00Z,5,direct,leisure,US,146.35,True,P003
2022-02-06,2022-01-30T00:00:00Z,2,direct,business,CA,173.41,False,P003
2022-02-06,2022-01-19T00:00:00Z,5,ota,business,US,146.28,False,P003
2022-02-06,2022-01-19T00:00:00Z,1,ota,business,US,124.3,False,P003
2022-02-06,2022-02-02T00:00:00Z,6,direct,business,DE,157.06,False,P003
2022-02-06,2022-01-29T00:00:00Z,4,direct,leisure,MX,96.7,False,P003
2022-02-06,2022-01-03T00:00:00Z,1,ota,business,CA,177.43,False,P003
2022-02-06,2021-12-30T00:00:00Z,5,ota,leisure,DE,145.1,False,P003
2022-02-07,2022-01-22T00:00:00Z,5,ota,business,MX,170.93,False,P003
2022-02-07,2022-02-02T00:00:00Z,3,direct,leisure,DE,185.31,True,P003
2022-02-07,2022-01-30T00:00:00Z,1,direct,leisure,GB,133.39,False,P003
2022-02-07,2022-01-05T00:00:00Z,4,direct,business,GB,178.47,False,P003
2022-02-07,2021-12-09T00:00:00Z,4,direct,business,MX,126.74,False,P003
2022-02-07,2022-02-03T00:00:00Z,3,direct,business,US,149.18,True,P003
2022-02-08,2022-01-12T00:00:00Z,6,ota,business,US,124.49,False,P003
2022-02-08,2022-01-19T00:00:00Z,2,ota,leisure,MX,147.9,False,P003
2022-02-08,2022-01-17T00:00:00Z,2,ota,business,CA,147.57,True,P003
2022-02-08,2022-01-24T00:00:00Z,2,direct,leisure,MX,193.85,False,P003
2022-02-08,2022-01-14T00:00:00Z,3,ota,leisure,US,137.61,False,P003
2022-02-08,2022-01-30T00:00:00Z,2,direct,leisure,MX,147.51,False,P003
2022-02-08,2022-02-03T00:00:00Z,3,direct,business,GB,116.34,False,P003
2022-02-08,2022-01-16T00:00:00Z,2,ota,leisure,US,116.33,False,P003
2022-02-08,2022-01-15T00:00:00Z,1,direct,leisure,GB,192.05,False,P003
2022-02-08,2022-02-03T00:00:00Z,5,direct,business,MX,127.17,False,P003
2022-02-08,2021-12-26T00:00:00Z,3,direct,leisure,GB,177.56,False,P003
2022-02-08,2021-12-30T00:00:00Z,5,ota,business,MX,92.28,False,P003
2022-02-08,2022-01-30T00:00:00Z,4,direct,leisure,DE,154.01,False,P003
2022-02-08,2022-01-30T00:00:00Z,4,ota,leisure,CA,178.63,False,P003
2022-02-08,2022-02-02T00:00:00Z,1,direct,business,US,158.89,False,P003
2022-02-08,2022-01-13T00:00:00Z,3,direct,business,US,175.09,False,P003
2022-02-08,2022-01-31T00:00:00Z,5,ota,leisure,CA,123.11,False,P003
2022-02-08,2022-02-05T00:00:00Z,1,ota,leisure,CA,140.34,False,P003
2022-02-09,2021-12-26T00:00:00Z,2,direct,leisure,US,157.85,False,P003
2022-02-09,2022-01-04T00:00:00Z,5,ota,leisure,US,149.91,False,P003
2022-02-09,2022-01-17T00:00:00Z,4,ota,business,DE,74.37,False,P003
2022-02-09,2022-01-26T00:00:00Z,6,ota,business,MX,179.87,True,P003
2022-02-09,2022-01-31T00:00:00Z,4,ota,leisure,MX,162.8,False,P003
2022-02-09,2022-02-01T00:00:00Z,1,direct,leisure,DE,160.14,False,P003
2022-02-09,2022-01-18T00:00:00Z,3,ota,leisure,CA,177.49,False,P003
2022-02-09,2022-02-01T00:00:00Z,4,direct,leisure,GB,168.09,False,P003
2022-02-09,2022-01-21T00:00:00Z,3,ota,business,GB,99.12,False,P003
2022-02-09,2022-01-08T00:00:00Z,4,direct,business,GB,105.29,False,P003
2022-02-09,2022-01-29T00:00:00Z,3,ota,business,US,146.31,False,P003
2022-02-09,2021-12-26T00:00:00Z,2,direct,business,DE,184.09,False,P003
2022-02-09,2022-01-31T00:00:00Z,3,direct,business,US,158.47,True,P003
2022-02-10,2022-01-28T00:00:00Z,3,ota,business,DE,134.96,False,P003
2022-02-10,2022-01-07T00:00:00Z,1,direct,leisure,DE,165.82,False,P003
2022-02-10,2022-02-01T00:00:00Z,3,ota,leisure,CA,139.16,False,P003
2022-02-10,2021-12-12T00:00:00Z,1,direct,business,US,157.03,False,P003
2022-02-10,2022-02-04T00:00:00Z,5,direct,leisure,CA,98.52,False,P003
2022-02-10,2022-02-03T00:00:00Z,2,direct,leisure,DE,105.91,False,P003
2022-02-10,2022-02-01T00:00:00Z,5,ota,business,CA,154.18,False,P003
2022-02-10,2022-01-11T00:00:00Z,4,ota,leisure,GB,122.87,False,P003
2022-02-10,2022-01-27T00:00:00Z,2,ota,leisure,DE,123.52,False,P003
2022-02-10,2022-01-12T00:00:00Z,2,direct,business,CA,113.06,False,P003
2022-02-10,2022-02-07T00:00:00Z,1,ota,business,GB,186.19,False,P003
2022-02-10,2022-02-07T00:00:00Z,4,direct,leisure,MX,144.82,False,P003
2022-02-10,2021-12-12T00:00:00Z,1,direct,leisure,DE,119.61,False,P003
2022-02-10,2022-02-04T00:00:00Z,5,direct,leisure,US,129.97,False,P003
2022-02-10,2022-02-04T00:00:00Z,4,ota,business,MX,123.38,True,P003
2022-02-10,2022-02-04T00:00:00Z,4,direct,business,GB,167.6,False,P003
2022-02-10,2022-02-03T00:00:00Z,1,direct,leisure,US,162.34,False,P003
2022-02-10,2021-12-12T00:00:00Z,2,ota,leisure,DE,66.47,False,P003
2022-02-10,2022-02-03T00:00:00Z,3,ota,leisure,GB,114.28,False,P003
2022-02-11,2022-01-28T00:00:00Z,1,direct,business,CA,122.54,False,P003
2022-02-11,2021-12-30T00:00:00Z,1,direct,leisure,DE,153.0,False,P003
2022-02-11,2022-01-29T00:00:00Z,2,direct,leisure,US,163.11,False,P003
2022-02-11,2022-01-27T00:00:00Z,2,ota,business,DE,101.11,False,P003
2022-02-11,2022-01-22T00:00:00Z,4,ota,leisure,DE,156.57,False,P003
2022-02-11,2022-01-10T00:00:00Z,5,ota,leisure,MX,149.23,False,P003
2022-02-11,2021-12-16T00:00:00Z,4,ota,business,DE,139.52,False,P003
2022-02-11,2022-01-02T00:00:00Z,1,ota,leisure,CA,168.02,False,P003
2022-02-11,2022-01-04T00:00:00Z,5,direct,leisure,US,182.0,False,P003
2022-02-11,2022-01-05T00:00:00Z,1,direct,business,DE,237.62,False,P003
2022-02-11,2022-01-06T00:00:00Z,4,ota,business,CA,130.49,False,P003
2022-02-11,2021-12-13T00:00:00Z,5,ota,business,CA,189.66,False,P003
2022-02-12,2022-02-10T00:00:00Z,2,direct,leisure,DE,209.95,False,P003
2022-02-12,2022-02-09T00:00:00Z,5,direct,leisure,DE,118.01,False,P003
2022-02-12,2021-12-23T00:00:00Z,3,direct,leisure,US,142.85,False,P003
2022-02-12,2022-02-01T00:00:00Z,3,ota,business,CA,113.43,False,P003
2022-02-12,2022-02-03T00:00:00Z,2,direct,leisure,GB,119.39,False,P003
2022-02-12,2021-12-26T00:00:00Z,2,ota,business,GB,149.64,False,P003
2022-02-12,2021-12-14T00:00:00Z,9,direct,business,MX,126.58,False,P003
2022-02-12,2022-01-18T00:00:00Z,2,ota,business,US,159.37,False,P003
2022-02-12,2022-01-17T00:00:00Z,2,direct,leisure,DE,178.82,False,P003
2022-02-12,2022-01-18T00:00:00Z,1,direct,business,CA,166.56,False,P003
2022-02-12,2022-01-16T00:00:00Z,5,direct,leisure,US,140.33,False,P003
2022-02-12,2022-02-07T00:00:00Z,4,ota,business,GB,139.6,False,P003
2022-02-12,2022-02-08T00:00:00Z,6,direct,business,CA,153.41,False,P003
2022-02-12,2021-12-14T00:00:00Z,4,ota,leisure,US,105.51,False,P003
2022-02-12,2022-02-02T00:00:00Z,3,direct,business,DE,171.97,False,P003
2022-02-13,2022-01-19T00:00:00Z,4,direct,leisure,CA,194.92,False,P003
2022-02-13,2022-02-06T00:00:00Z,1,direct,business,DE,173.0,False,P003
2022-02-13,2022-01-27T00:00:00Z,1,ota,business,DE,162.04,False,P003
2022-02-13,2022-01-10T00:00:00Z,4,ota,business,GB,156.59,False,P003
2022-02-13,2022-01-10T00:00:00Z,4,direct,business,CA,167.62,False,P003
2022-02-13,2022-02-02T00:00:00Z,3,ota,business,MX,153.92,False,P003
2022-02-13,2022-02-08T00:00:00Z,3,direct,leisure,US,161.74,False,P003
2022-02-13,2021-12-30T00:00:00Z,1,direct,business,DE,174.81,False,P003
2022-02-13,2021-12-15T00:00:00Z,2,direct,business,US,168.74,False,P003
2022-02-13,2022-01-08T00:00:00Z,5,direct,business,MX,196.18,False,P003
2022-02-13,2022-01-19T00:00:00Z,6,direct,leisure,CA,163.56,True,P003
2022-02-14,2022-01-27T00:00:00Z,5,direct,business,DE,137.5,False,P003
2022-02-14,2021-12-27T00:00:00Z,1,direct,business,DE,230.25,True,P003
2022-02-14,2022-02-08T00:00:00Z,4,direct,business,CA,155.86,True,P003
2022-02-14,2021-12-16T00:00:00Z,5,ota,business,GB,218.51,False,P003
2022-02-14,2022-01-11T00:00:00Z,4,direct,leisure,CA,175.19,False,P003
2022-02-14,2022-02-01T00:00:00Z,5,ota,business,CA,161.96,False,P003
2022-02-14,2022-02-04T00:00:00Z,2,ota,business,DE,162.49,False,P003
2022-02-14,2022-01-28T00:00:00Z,2,direct,business,MX,191.29,False,P003
2022-02-14,2022-02-04T00:00:00Z,1,ota,business,DE,169.58,False,P003
2022-02-14,2022-02-06T00:00:00Z,3,ota,business,GB,125.06,False,P003
2022-02-14,2022-01-14T00:00:00Z,3,ota,leisure,MX,134.16,False,P003
2022-02-14,2022-01-23T00:00:00Z,3,direct,business,US,165.49,False,P003
2022-02-14,2022-01-29T00:00:00Z,2,ota,business,MX,195.01,False,P003
2022-02-14,2022-01-24T00:00:00Z,4,direct,business,CA,138.38,False,P003
2022-02-14,2022-01-15T00:00:00Z,1,ota,leisure,MX,154.35,False,P003
2022-02-15,2021-12-17T00:00:00Z,1,ota,leisure,MX,135.35,False,P003
2022-02-15,2021-12-26T00:00:00Z,2,ota,leisure,MX,118.95,False,P003
2022-02-15,2022-02-11T00:00:00Z,3,direct,leisure,GB,77.92,False,P003
2022-02-15,2022-01-25T00:00:00Z,1,direct,business,GB,164.21,False,P003
2022-02-15,2022-02-11T00:00:00Z,4,ota,leisure,CA,140.14,False,P003
2022-02-15,2022-01-18T00:00:00Z,5,direct,business,DE,109.0,True,P003
2022-02-15,2022-02-10T00:00:00Z,2,ota,business,CA,145.05,False,P003
2022-02-15,2022-01-26T00:00:00Z,4,ota,business,MX,138.58,False,P003
2022-02-16,2022-02-11T00:00:00Z,1,ota,leisure,GB,132.27,False,P003
2022-02-16,2022-01-19T00:00:00Z,1,ota,leisure,CA,122.98,False,P003
2022-02-16,2022-01-17T00:00:00Z,5,direct,leisure,GB,157.04,False,P003
2022-02-16,2021-12-29T00:00:00Z,2,ota,leisure,DE,117.5,False,P003
2022-02-16,2022-01-30T00:00:00Z,1,ota,leisure,MX,131.02,False,P003
2022-02-16,2022-01-09T00:00:00Z,3,ota,business,US,178.63,False,P003
2022-02-16,2022-02-09T00:00:00Z,1,direct,business,DE,180.29,False,P003
2022-02-16,2022-01-31T00:00:00Z,2,ota,leisure,DE,143.46,False,P003
2022-02-16,2022-02-08T00:00:00Z,2,direct,business,DE,147.63,False,P003
2022-02-16,2021-12-18T00:00:00Z,2,direct,leisure,MX,160.94,False,P003
2022-02-16,2022-01-07T00:00:00Z,1,direct,leisure,GB,171.23,False,P003
2022-02-16,2022-02-15T00:00:00Z,4,direct,business,DE,182.23,False,P003
2022-02-16,2022-02-14T00:00:00Z,2,ota,leisure,GB,186.47,False,P003
2022-02-17,2022-01-26T00:00:00Z,4,direct,business,US,157.24,False,P003
2022-02-17,2022-01-04T00:00:00Z,1,direct,leisure,GB,138.89,False,P003
2022-02-17,2022-02-09T00:00:00Z,1,ota,leisure,US,136.24,False,P003
2022-02-17,2022-01-20T00:00:00Z,3,ota,leisure,DE,110.11,False,P003
2022-02-17,2022-02-11T00:00:00Z,2,ota,leisure,MX,140.82,False,P003
2022-02-17,2022-01-30T00:00:00Z,2,direct,leisure,CA,133.79,True,P003
2022-02-17,2022-02-04T00:00:00Z,3,direct,leisure,MX,164.38,False,P003
2022-02-17,2022-02-13T00:00:00Z,2,direct,business,CA,163.78,False,P003
2022-02-17,2022-01-23T00:00:00Z,2,ota,business,MX,120.87,False,P003
2022-02-17,2022-02-09T00:00:00Z,1,ota,leisure,GB,212.95,False,P003
2022-02-17,2022-01-14T00:00:00Z,1,direct,leisure,GB,175.95,False,P003
2022-02-17,2022-02-08T00:00:00Z,2,ota,leisure,GB,167.15,True,P003
2022-02-17,2022-02-10T00:00:00Z,1,ota,leisure,CA,209.38,False,P003
2022-02-17,2022-02-09T00:00:00Z,3,direct,business,DE,117.11,True,P003
2022-02-17,2022-01-18T00:00:00Z,3,direct,business,MX,135.24,False,P003
2022-02-18,2022-01-28T00:00:00Z,4,ota,business,GB,140.84,False,P003
2022-02-18,2022-02-05T00:00:00Z,6,direct,business,DE,121.17,False,P003
2022-02-18,2021-12-20T00:00:00Z,3,ota,business,MX,112.97,True,P003
2022-02-18,2022-01-26T00:00:00Z,6,ota,business,MX,90.31,False,P003
2022-02-18,2022-01-06T00:00:00Z,6,direct,business,CA,163.45,False,P003
2022-02-18,2021-12-29T00:00:00Z,1,ota,leisure,MX,124.03,False,P003
2022-02-18,2022-01-30T00:00:00Z,3,ota,business,GB,173.96,False,P003
2022-02-18,2022-02-09T00:00:00Z,2,direct,leisure,MX,167.51,False,P003
2022-02-18,2022-01-19T00:00:00Z,2,ota,leisure,DE,170.47,False,P003
2022-02-18,2022-02-07T00:00:00Z,3,direct,leisure,DE,171.47,False,P003
2022-02-18,2022-01-21T00:00:00Z,4,direct,business,MX,116.27,False,P003
2022-02-18,2022-02-02T00:00:00Z,1,ota,business,DE,138.69,False,P003
2022-02-18,2022-02-04T00:00:00Z,4,direct,business,MX,142.17,True,P003
2022-02-18,2022-01-17T00:00:00Z,5,ota,leisure,GB,174.35,False,P003
2022-02-18,2022-01-15T00:00:00Z,3,ota,business,DE,139.61,False,P003
2022-02-18,2021-12-20T00:00:00Z,1,direct,business,GB,136.31,False,P003
2022-02-18,2022-02-14T00:00:00Z,4,direct,business,GB,154.73,False,P003
2022-02-18,2021-12-28T00:00:00Z,3,ota,business,US,104.34,False,P003
2022-02-18,2022-02-13T00:00:00Z,3,direct,leisure,US,140.45,False,P003
2022-02-19,2022-02-04T00:00:00Z,3,ota,business,MX,205.7,False,P003
2022-02-19,2022-02-04T00:00:00Z,1,direct,business,US,145.49,False,P003
2022-02-19,2022-02-13T00:00:00Z,3,ota,business,US,146.1,False,P003
2022-02-19,2022-01-10T00:00:00Z,3,direct,business,DE,210.78,False,P003
2022-02-19,2022-02-15T00:00:00Z,1,ota,leisure,US,133.14,False,P003
2022-02-19,2022-02-14T00:00:00Z,1,ota,leisure,GB,194.25,False,P003
2022-02-19,2022-02-11T00:00:00Z,2,ota,business,DE,173.91,False,P003
2022-02-19,2022-02-09T00:00:00Z,4,ota,leisure,DE,143.28,False,P003
2022-02-19,2022-01-22T00:00:00Z,1,ota,leisure,US,109.92,False,P003
2022-02-19,2022-02-04T00:00:00Z,4,ota,leisure,CA,152.32,False,P003
2022-02-19,2022-01-26T00:00:00Z,1,direct,leisure,MX,148.54,False,P003
2022-02-19,2021-12-21T00:00:00Z,2,direct,leisure,MX,177.63,False,P003
2022-02-19,2022-02-07T00:00:00Z,2,ota,leisure,DE,138.05,False,P003
2022-02-20,2021-12-22T00:00:00Z,2,direct,leisure,US,194.48,True,P003
2022-02-20,2021-12-22T00:00:00Z,4,ota,leisure,DE,163.34,False,P003
2022-02-20,2022-02-11T00:00:00Z,1,direct,leisure,GB,156.39,False,P003
2022-02-20,2022-02-18T00:00:00Z,4,direct,leisure,CA,113.19,True,P003
2022-02-20,2022-02-10T00:00:00Z,1,ota,leisure,CA,143.31,False,P003
2022-02-20,2022-01-03T00:00:00Z,8,direct,business,GB,185.37,False,P003
2022-02-20,2022-02-11T00:00:00Z,2,direct,business,MX,174.53,False,P003
2022-02-20,2022-01-12T00:00:00Z,1,ota,leisure,MX,167.17,False,P003
2022-02-20,2022-01-22T00:00:00Z,5,direct,leisure,MX,110.19,False,P003
2022-02-20,2022-02-13T00:00:00Z,2,direct,business,GB,141.46,False,P003
2022-02-20,2022-02-17T00:00:00Z,6,ota,business,DE,187.39,False,P003
2022-02-20,2022-02-06T00:00:00Z,5,ota,leisure,CA,131.43,False,P003
2022-02-20,2021-12-30T00:00:00Z,2,direct,business,MX,178.79,False,P003
2022-02-20,2022-02-03T00:00:00Z,1,direct,leisure,MX,128.02,False,P003
2022-02-20,2022-02-15T00:00:00Z,8,direct,business,CA,126.29,False,P003
2022-02-20,2022-02-08T00:00:00Z,3,direct,business,DE,184.87,False,P003
2022-02-20,2022-01-22T00:00:00Z,4,direct,leisure,CA,140.81,False,P003
2022-02-20,2022-02-07T00:00:00Z,2,ota,leisure,US,142.93,False,P003
2022-02-20,2022-01-26T00:00:00Z,4,direct,business,DE,139.26,False,P003
2022-02-21,2022-01-20T00:00:00Z,5,direct,business,GB,144.02,False,P003
2022-02-21,2022-02-09T00:00:00Z,6,direct,business,GB,172.99,False,P003
2022-02-21,2022-02-17T00:00:00Z,4,ota,leisure,US,152.01,False,P003
2022-02-21,2022-01-07T00:00:00Z,2,direct,leisure,US,176.64,True,P003
2022-02-21,2022-02-17T00:00:00Z,2,direct,leisure,DE,130.88,False,P003
2022-02-21,2022-01-21T00:00:00Z,4,direct,leisure,US,179.73,False,P003
2022-02-21,2022-02-17T00:00:00Z,1,ota,leisure,CA,136.39,False,P003
2022-02-21,2022-01-20T00:00:00Z,1,ota,leisure,GB,181.31,False,P003
2022-02-21,2022-01-30T00:00:00Z,4,direct,leisure,DE,152.59,False,P003
2022-02-22,2022-02-17T00:00:00Z,2,ota,leisure,US,212.42,False,P003
2022-02-22,2022-02-10T00:00:00Z,2,direct,leisure,GB,107.41,False,P003
2022-02-22,2022-01-29T00:00:00Z,2,ota,leisure,CA,171.14,False,P003
2022-02-22,2022-01-29T00:00:00Z,2,ota,leisure,CA,123.97,False,P003
2022-02-22,2022-02-07T00:00:00Z,3,ota,business,US,163.97,False,P003
2022-02-22,2022-02-17T00:00:00Z,2,direct,leisure,DE,118.4,False,P003
2022-02-22,2021-12-24T00:00:00Z,5,direct,business,DE,168.56,True,P003
2022-02-22,2022-02-08T00:00:00Z,4,direct,business,GB,204.3,False,P003
2022-02-22,2022-01-25T00:00:00Z,4,ota,business,MX,158.65,False,P003
2022-02-22,2022-01-27T00:00:00Z,2,direct,business,MX,151.52,False,P003
2022-02-22,2021-12-24T00:00:00Z,4,ota,leisure,DE,122.83,False,P003
2022-02-22,2022-01-06T00:00:00Z,7,direct,business,MX,87.87,False,P003
2022-02-22,2022-02-18T00:00:00Z,3,direct,leisure,MX,130.59,False,P003
2022-02-23,2022-02-08T00:00:00Z,1,direct,leisure,US,189.59,False,P003
2022-02-23,2022-01-22T00:00:00Z,2,ota,business,GB,130.96,False,P003
2022-02-23,2022-02-19T00:00:00Z,2,direct,business,DE,141.21,False,P003
2022-02-23,2022-01-31T00:00:00Z,4,ota,business,CA,203.39,False,P003
2022-02-23,2022-02-10T00:00:00Z,7,ota,business,MX,170.48,False,P003
2022-02-23,2022-02-17T00:00:00Z,1,direct,leisure,CA,132.26,False,P003
2022-02-23,2022-02-18T00:00:00Z,2,direct,leisure,CA,83.17,False,P003
2022-02-23,2022-01-19T00:00:00Z,2,direct,business,GB,137.99,False,P003
2022-02-23,2022-01-08T00:00:00Z,2,ota,leisure,MX,114.41,False,P003
2022-02-23,2022-02-07T00:00:00Z,3,direct,business,GB,89.56,False,P003
2022-02-23,2022-02-10T00:00:00Z,3,ota,business,GB,130.26,False,P003
2022-02-24,2021-12-26T00:00:00Z,2,direct,business,GB,131.84,False,P003
2022-02-24,2022-01-24T00:00:00Z,4,ota,leisure,CA,102.22,False,P003
2022-02-24,2022-02-17T00:00:00Z,3,direct,business,CA,144.84,False,P003
2022-02-24,2022-01-18T00:00:00Z,2,ota,leisure,CA,122.12,False,P003
2022-02-24,2022-02-22T00:00:00Z,3,ota,leisure,US,208.51,False,P003
2022-02-24,2022-01-13T00:00:00Z,5,ota,business,MX,199.13,False,P003
2022-02-24,2022-01-24T00:00:00Z,3,ota,leisure,GB,164.7,False,P003
2022-02-24,2022-02-12T00:00:00Z,1,direct,leisure,MX,96.79,False,P003
2022-02-24,2022-02-18T00:00:00Z,3,ota,business,CA,205.32,False,P003
2022-02-24,2021-12-26T00:00:00Z,3,direct,leisure,MX,108.61,False,P003
2022-02-24,2022-02-07T00:00:00Z,1,ota,business,GB,129.31,False,P003
2022-02-24,2022-01-21T00:00:00Z,2,direct,business,MX,133.45,False,P003
2022-02-24,2022-02-17T00:00:00Z,3,direct,business,DE,143.31,False,P003
2022-02-24,2022-02-13T00:00:00Z,3,direct,business,CA,175.67,False,P003
2022-02-24,2022-02-17T00:00:00Z,3,ota,business,CA,159.43,False,P003
2022-02-24,2022-02-07T00:00:00Z,2,ota,leisure,MX,138.26,False,P003
2022-02-25,2022-01-20T00:00:00Z,1,direct,business,DE,179.41,False,P003
2022-02-25,2022-02-05T00:00:00Z,3,ota,business,CA,144.19,False,P003
2022-02-25,2022-02-22T00:00:00Z,2,direct,leisure,CA,153.85,False,P003
2022-02-25,2022-02-07T00:00:00Z,3,ota,business,CA,181.22,False,P003
2022-02-25,2022-02-21T00:00:00Z,2,ota,leisure,DE,113.9,False,P003
2022-02-25,2022-01-21T00:00:00Z,2,ota,leisure,US,172.67,True,P003
2022-02-25,2022-02-20T00:00:00Z,4,direct,leisure,MX,167.99,False,P003
2022-02-25,2022-02-18T00:00:00Z,3,direct,business,DE,157.38,False,P003
2022-02-25,2022-02-04T00:00:00Z,2,ota,business,US,157.34,True,P003
2022-02-25,2022-02-06T00:00:00Z,2,direct,leisure,CA,169.5,False,P003
2022-02-25,2022-01-25T00:00:00Z,2,ota,leisure,DE,86.66,False,P003
2022-02-25,2022-02-02T00:00:00Z,3,direct,business,DE,131.15,False,P003
2022-02-25,2022-02-03T00:00:00Z,2,ota,business,GB,95.25,False,P003
2022-02-26,2022-02-09T00:00:00Z,3,ota,leisure,CA,118.95,False,P003
2022-02-26,2022-01-26T00:00:00Z,3,ota,business,US,179.51,False,P003
2022-02-26,2022-02-21T00:00:00Z,2,direct,leisure,US,135.2,False,P003
2022-02-26,2022-02-03T00:00:00Z,5,ota,leisure,GB,137.95,True,P003
2022-02-26,2022-02-06T00:00:00Z,1,ota,business,CA,163.77,False,P003
2022-02-26,2022-02-23T00:00:00Z,1,ota,leisure,GB,161.86,True,P003
2022-02-26,2022-02-19T00:00:00Z,3,direct,leisure,CA,152.41,False,P003
2022-02-26,2022-02-17T00:00:00Z,4,direct,leisure,CA,174.31,False,P003
2022-02-26,2022-02-19T00:00:00Z,5,ota,business,GB,155.78,False,P003
2022-02-26,2022-02-02T00:00:00Z,5,ota,business,MX,122.28,False,P003
2022-02-26,2022-02-17T00:00:00Z,1,ota,leisure,GB,173.63,False,P003
2022-02-26,2021-12-28T00:00:00Z,5,direct,leisure,GB,130.6,False,P003
2022-02-26,2022-02-15T00:00:00Z,1,direct,business,GB,144.31,False,P003
2022-02-26,2022-01-07T00:00:00Z,1,direct,business,MX,138.11,False,P003
2022-02-27,2022-02-19T00:00:00Z,2,direct,leisure,DE,160.05,False,P003
2022-02-27,2021-12-29T00:00:00Z,2,direct,business,CA,171.66,False,P003
2022-02-27,2022-02-10T00:00:00Z,5,ota,business,MX,204.5,False,P003
2022-02-27,2022-02-14T00:00:00Z,3,direct,business,MX,115.69,False,P003
2022-02-27,2022-02-23T00:00:00Z,3,ota,leisure,US,181.13,False,P003
2022-02-27,2022-01-18T00:00:00Z,1,ota,leisure,CA,196.39,False,P003
2022-02-27,2022-01-19T00:00:00Z,6,ota,leisure,CA,171.45,True,P003
2022-02-27,2022-01-12T00:00:00Z,1,direct,leisure,MX,145.56,False,P003
2022-02-27,2022-02-18T00:00:00Z,3,direct,leisure,CA,112.33,False,P003
2022-02-27,2022-01-11T00:00:00Z,2,direct,business,GB,179.27,False,P003
2022-02-27,2022-02-17T00:00:00Z,3,ota,leisure,DE,178.91,False,P003
2022-02-27,2021-12-29T00:00:00Z,3,ota,business,MX,178.94,False,P003
2022-02-27,2022-02-21T00:00:00Z,4,direct,business,CA,134.95,False,P003
2022-02-28,2022-02-24T00:00:00Z,3,direct,business,GB,171.21,True,P003
2022-02-28,2022-02-17T00:00:00Z,2,ota,leisure,GB,121.74,False,P003
2022-02-28,2022-02-26T00:00:00Z,4,direct,leisure,MX,110.73,False,P003
2022-02-28,2022-01-21T00:00:00Z,1,direct,leisure,CA,150.49,False,P003
2022-02-28,2022-01-05T00:00:00Z,6,ota,business,US,140.99,False,P003
2022-02-28,2022-01-27T00:00:00Z,6,direct,leisure,CA,122.01,False,P003
2022-02-28,2022-01-04T00:00:00Z,3,ota,business,GB,181.5,True,P003
2022-02-28,2022-02-26T00:00:00Z,1,ota,business,US,126.25,False,P003
2022-02-28,2022-02-09T00:00:00Z,1,direct,leisure,MX,165.31,True,P003
2022-02-28,2022-02-22T00:00:00Z,1,direct,business,US,141.26,False,P003
2022-02-28,2022-02-07T00:00:00Z,3,ota,leisure,GB,112.94,True,P003
2022-02-28,2022-02-23T00:00:00Z,4,ota,business,MX,191.71,False,P003
2022-02-28,2022-02-02T00:00:00Z,5,ota,leisure,MX,160.48,False,P003
2022-02-28,2022-02-23T00:00:00Z,6,direct,business,US,166.91,False,P003
2022-02-28,2022-02-20T00:00:00Z,1,ota,business,MX,115.54,True,P003
2022-03-01,2022-01-25T00:00:00Z,3,ota,business,US,159.88,False,P003
2022-03-01,2022-02-03T00:00:00Z,6,ota,leisure,GB,149.79,False,P003
2022-03-01,2022-02-09T00:00:00Z,3,direct,leisure,MX,161.88,False,P003
2022-03-01,2022-02-25T00:00:00Z,4,ota,business,CA,150.23,False,P003
2022-03-01,2022-02-26T00:00:00Z,2,ota,business,GB,134.57,False,P003
2022-03-01,2022-01-13T00:00:00Z,6,direct,business,DE,118.8,False,P003
2022-03-01,2022-01-26T00:00:00Z,3,ota,business,DE,181.34,False,P003
2022-03-01,2022-01-15T00:00:00Z,1,ota,business,GB,150.99,False,P003
2022-03-01,2022-02-18T00:00:00Z,3,ota,leisure,US,182.02,False,P003
2022-03-01,2022-02-22T00:00:00Z,3,ota,leisure,DE,124.49,False,P003
2022-03-01,2022-02-25T00:00:00Z,2,ota,leisure,CA,112.71,False,P003
2022-03-01,2022-02-13T00:00:00Z,6,direct,business,CA,114.95,False,P003
2022-03-01,2022-02-24T00:00:00Z,4,ota,leisure,MX,157.35,False,P003
2022-03-01,2022-02-24T00:00:00Z,2,ota,leisure,MX,208.89,False,P003
2022-03-01,2022-01-07T00:00:00Z,2,ota,leisure,DE,148.64,True,P003
2022-03-01,2022-02-07T00:00:00Z,1,ota,business,DE,124.81,False,P003
2022-03-01,2022-02-25T00:00:00Z,5,ota,leisure,US,132.35,False,P003
2022-03-01,2022-01-26T00:00:00Z,2,direct,leisure,DE,177.91,False,P003
2022-03-01,2022-02-24T00:00:00Z,3,direct,business,MX,164.22,False,P003
2022-03-01,2022-01-18T00:00:00Z,3,ota,leisure,MX,159.18,False,P003
2022-03-02,2022-02-22T00:00:00Z,1,direct,leisure,CA,146.06,False,P003
2022-03-02,2022-02-10T00:00:00Z,1,ota,business,US,155.63,False,P003
2022-03-02,2022-01-31T00:00:00Z,1,direct,leisure,GB,114.84,False,P003
2022-03-02,2022-02-25T00:00:00Z,3,ota,business,GB,200.71,False,P003
2022-03-02,2022-01-24T00:00:00Z,5,ota,business,DE,129.57,False,P003
2022-03-02,2022-02-03T00:00:00Z,2,ota,leisure,GB,143.47,True,P003
2022-03-02,2022-02-23T00:00:00Z,2,ota,leisure,DE,117.39,False,P003
2022-03-02,2022-02-11T00:00:00Z,3,ota,business,DE,207.71,True,P003
2022-03-02,2022-02-08T00:00:00Z,5,direct,business,CA,161.85,False,P003
2022-03-02,2022-01-02T00:00:00Z,5,ota,leisure,MX,110.69,False,P003
2022-03-02,2022-02-27T00:00:00Z,5,ota,business,US,159.95,False,P003
2022-03-02,2022-02-12T00:00:00Z,4,direct,leisure,DE,156.78,False,P003
2022-03-02,2022-01-30T00:00:00Z,3,ota,leisure,MX,116.11,False,P003
2022-03-02,2022-02-25T00:00:00Z,2,ota,business,CA,136.38,False,P003
2022-03-02,2022-01-23T00:00:00Z,2,ota,business,CA,97.34,False,P003
2022-03-02,2022-02-21T00:00:00Z,5,direct,business,DE,177.11,False,P003
2022-03-02,2022-02-25T00:00:00Z,5,direct,leisure,US,103.63,True,P003
2022-03-02,2022-01-01T00:00:00Z,4,direct,leisure,MX,190.69,False,P003
2022-03-02,2022-01-02T00:00:00Z,2,direct,leisure,DE,179.76,False,P003
2022-03-03,2022-02-26T00:00:00Z,4,direct,leisure,CA,178.98,True,P003
2022-03-03,2022-02-17T00:00:00Z,2,ota,business,MX,132.6,False,P003
2022-03-03,2022-02-12T00:00:00Z,5,ota,business,US,109.96,False,P003
2022-03-03,2022-02-27T00:00:00Z,1,ota,leisure,DE,127.08,False,P003
2022-03-03,2022-02-17T00:00:00Z,3,direct,business,GB,113.36,False,P003
2022-03-03,2022-01-17T00:00:00Z,7,ota,business,CA,195.01,False,P003
2022-03-03,2022-02-28T00:00:00Z,1,direct,leisure,GB,124.23,True,P003
2022-03-03,2022-02-12T00:00:00Z,4,ota,leisure,MX,154.02,True,P003
2022-03-03,2022-02-24T00:00:00Z,1,direct,business,US,127.03,False,P003
2022-03-03,2022-02-25T00:00:00Z,3,direct,leisure,CA,177.67,False,P003
2022-03-03,2022-02-21T00:00:00Z,3,direct,leisure,US,123.73,False,P003
2022-03-03,2022-02-16T00:00:00Z,2,ota,business,US,185.74,False,P003
2022-03-03,2022-02-22T00:00:00Z,1,direct,business,DE,104.99,False,P003
2022-03-03,2022-02-03T00:00:00Z,4,ota,leisure,DE,164.04,False,P003
2022-03-03,2022-02-18T00:00:00Z,6,direct,leisure,US,112.48,False,P003
2022-03-04,2022-02-21T00:00:00Z,4,direct,business,DE,113.65,False,P003
2022-03-04,2022-02-19T00:00:00Z,7,direct,business,US,119.2,False,P003
2022-03-04,2022-03-01T00:00:00Z,5,direct,business,DE,157.47,False,P003
2022-03-04,2022-01-03T00:00:00Z,2,ota,leisure,MX,190.81,True,P003
2022-03-04,2022-01-03T00:00:00Z,3,direct,business,GB,113.13,False,P003
2022-03-04,2022-02-26T00:00:00Z,3,ota,leisure,DE,94.33,True,P003
2022-03-04,2022-03-02T00:00:00Z,3,direct,leisure,CA,168.26,False,P003
2022-03-04,2022-02-21T00:00:00Z,3,ota,leisure,CA,181.83,False,P003
2022-03-04,2022-02-26T00:00:00Z,2,direct,leisure,CA,148.2,False,P003
2022-03-04,2022-02-15T00:00:00Z,3,direct,leisure,US,201.56,True,P003
2022-03-05,2022-03-01T00:00:00Z,6,ota,leisure,GB,147.53,False,P003
2022-03-05,2022-01-21T00:00:00Z,2,direct,business,DE,115.58,False,P003
2022-03-05,2022-01-17T00:00:00Z,1,direct,business,DE,146.8,True,P003
2022-03-05,2022-02-27T00:00:00Z,2,ota,business,MX,157.18,False,P003
2022-03-05,2022-03-02T00:00:00Z,2,ota,leisure,US,162.95,False,P003
2022-03-05,2022-02-06T00:00:00Z,3,ota,business,DE,152.31,False,P003
2022-03-05,2022-02-25T00:00:00Z,4,ota,leisure,GB,183.51,False,P003
2022-03-05,2022-02-28T00:00:00Z,2,ota,leisure,CA,153.28,True,P003
2022-03-05,2022-02-28T00:00:00Z,1,direct,business,GB,167.42,False,P003
2022-03-05,2022-02-06T00:00:00Z,1,direct,leisure,GB,139.02,False,P003
2022-03-05,2022-01-18T00:00:00Z,2,direct,leisure,CA,166.95,False,P003
2022-03-05,2022-03-01T00:00:00Z,1,direct,leisure,DE,164.45,False,P003
2022-03-05,2022-02-27T00:00:00Z,9,ota,business,GB,142.12,False,P003
2022-03-05,2022-02-23T00:00:00Z,2,ota,business,MX,145.16,False,P003
2022-03-05,2022-03-03T00:00:00Z,2,ota,business,DE,76.76,False,P003
2022-03-06,2022-03-04T00:00:00Z,5,direct,business,US,163.48,False,P003
2022-03-06,2022-01-09T00:00:00Z,5,ota,business,CA,217.31,False,P003
2022-03-06,2022-03-01T00:00:00Z,4,direct,business,US,170.12,True,P003
2022-03-06,2022-02-25T00:00:00Z,3,direct,business,MX,120.89,True,P003
2022-03-06,2022-03-02T00:00:00Z,1,direct,business,GB,174.25,False,P003
2022-03-06,2022-03-04T00:00:00Z,2,direct,business,GB,136.98,True,P003
2022-03-06,2022-02-28T00:00:00Z,2,ota,business,MX,184.03,False,P003
2022-03-06,2022-01-31T00:00:00Z,2,ota,leisure,US,121.29,False,P003
2022-03-06,2022-03-02T00:00:00Z,1,direct,business,CA,132.02,False,P003
2022-03-07,2022-01-26T00:00:00Z,5,direct,business,MX,107.92,False,P003
2022-03-07,2022-02-11T00:00:00Z,2,direct,business,DE,160.48,False,P003
2022-03-07,2022-02-07T00:00:00Z,5,direct,leisure,DE,191.57,True,P003
2022-03-07,2022-02-18T00:00:00Z,5,ota,leisure,DE,148.27,False,P003
2022-03-07,2022-02-24T00:00:00Z,1,ota,business,GB,142.32,False,P003
2022-03-07,2022-02-13T00:00:00Z,3,direct,business,DE,150.22,False,P003
2022-03-07,2022-02-16T00:00:00Z,2,ota,business,GB,156.71,False,P003
2022-03-07,2022-02-24T00:00:00Z,5,ota,leisure,MX,176.38,True,P003
2022-03-07,2022-01-20T00:00:00Z,2,ota,leisure,CA,156.39,False,P003
2022-03-07,2022-01-24T00:00:00Z,2,ota,leisure,DE,197.2,False,P003
2022-03-07,2022-01-27T00:00:00Z,4,ota,business,DE,113.44,False,P003
2022-03-07,2022-02-18T00:00:00Z,5,direct,business,CA,119.05,True,P003
2022-03-07,2022-01-26T00:00:00Z,2,ota,business,CA,110.46,False,P003
2022-03-07,2022-01-15T00:00:00Z,6,direct,business,DE,144.11,False,P003
2022-03-07,2022-01-06T00:00:00Z,2,direct,business,GB,190.16,False,P003
2022-03-07,2022-03-01T00:00:00Z,1,direct,business,GB,131.41,False,P003
2022-03-07,2022-01-26T00:00:00Z,4,direct,business,GB,192.48,False,P003
2022-03-08,2022-03-02T00:00:00Z,6,direct,business,DE,154.91,False,P003
2022-03-08,2022-02-19T00:00:00Z,3,ota,leisure,GB,149.69,False,P003
2022-03-08,2022-01-28T00:00:00Z,3,ota,leisure,MX,184.85,False,P003
2022-03-08,2022-02-20T00:00:00Z,5,ota,business,CA,135.75,False,P003
2022-03-08,2022-03-02T00:00:00Z,5,direct,business,US,165.95,True,P003
2022-03-08,2022-02-10T00:00:00Z,4,ota,leisure,US,138.75,True,P003
2022-03-08,2022-03-02T00:00:00Z,1,ota,leisure,GB,145.61,False,P003
2022-03-08,2022-02-22T00:00:00Z,1,ota,business,DE,157.29,False,P003
2022-03-08,2022-03-02T00:00:00Z,2,direct,business,MX,195.34,False,P003
2022-03-08,2022-01-26T00:00:00Z,3,ota,business,GB,161.99,False,P003
2022-03-08,2022-02-24T00:00:00Z,2,ota,leisure,CA,170.15,False,P003
2022-03-08,2022-02-19T00:00:00Z,7,direct,business,US,198.22,True,P003
2022-03-09,2022-01-08T00:00:00Z,1,ota,leisure,CA,140.17,False,P003
2022-03-09,2022-01-08T00:00:00Z,1,direct,business,MX,156.54,False,P003
2022-03-09,2022-02-17T00:00:00Z,2,direct,business,GB,130.16,False,P003
2022-03-09,2022-02-12T00:00:00Z,1,ota,leisure,MX,171.25,False,P003
2022-03-09,2022-01-08T00:00:00Z,3,ota,leisure,GB,121.4,False,P003
2022-03-09,2022-01-08T00:00:00Z,2,direct,leisure,DE,164.38,False,P003
2022-03-09,2022-03-03T00:00:00Z,5,ota,business,MX,145.03,False,P003
2022-03-09,2022-01-08T00:00:00Z,2,ota,leisure,GB,149.04,False,P003
2022-03-09,2022-02-26T00:00:00Z,3,ota,business,GB,135.92,False,P003
2022-03-09,2022-03-04T00:00:00Z,1,direct,business,CA,146.99,True,P003
2022-03-09,2022-03-04T00:00:00Z,4,direct,business,MX,177.58,False,P003
2022-03-09,2022-02-04T00:00:00Z,1,ota,leisure,DE,147.83,False,P003
2022-03-09,2022-01-31T00:00:00Z,3,ota,leisure,GB,109.42,False,P003
2022-03-09,2022-02-20T00:00:00Z,2,ota,business,DE,205.9,False,P003
2022-03-09,2022-02-24T00:00:00Z,3,direct,leisure,US,169.61,False,P003
2022-03-09,2022-01-25T00:00:00Z,1,direct,business,GB,200.37,False,P003
2022-03-09,2022-02-04T00:00:00Z,7,direct,leisure,DE,154.95,False,P003
2022-03-10,2022-01-31T00:00:00Z,2,direct,business,CA,232.28,False,P003
2022-03-10,2022-02-01T00:00:00Z,5,ota,business,DE,69.96,False,P003
2022-03-10,2022-03-02T00:00:00Z,1,direct,business,DE,174.45,False,P003
2022-03-10,2022-02-25T00:00:00Z,4,ota,leisure,MX,150.04,False,P003
2022-03-10,2022-02-27T00:00:00Z,3,ota,business,DE,167.32,False,P003
2022-03-10,2022-03-04T00:00:00Z,2,ota,leisure,DE,109.43,False,P003
2022-03-10,2022-02-14T00:00:00Z,3,ota,business,MX,160.35,False,P003
2022-03-10,2022-02-25T00:00:00Z,1,ota,leisure,MX,179.56,False,P003
2022-03-10,2022-02-26T00:00:00Z,1,direct,business,CA,216.11,False,P003
2022-03-10,2022-02-08T00:00:00Z,7,direct,leisure,MX,210.05,False,P003
2022-03-10,2022-03-04T00:00:00Z,3,ota,business,CA,215.78,False,P003
2022-03-10,2022-02-08T00:00:00Z,3,ota,business,CA,94.78,False,P003
2022-03-10,2022-01-09T00:00:00Z,3,ota,business,US,142.56,False,P003
2022-03-10,2022-02-27T00:00:00Z,7,direct,business,DE,121.46,False,P003
2022-03-10,2022-01-31T00:00:00Z,3,ota,business,US,214.66,False,P003
2022-03-10,2022-01-31T00:00:00Z,1,direct,leisure,MX,140.03,False,P003
2022-03-10,2022-03-05T00:00:00Z,1,ota,leisure,CA,151.86,False,P003
2022-03-10,2022-02-11T00:00:00Z,1,direct,business,CA,163.42,True,P003
2022-03-11,2022-02-23T00:00:00Z,8,ota,leisure,DE,151.48,False,P003
2022-03-11,2022-02-26T00:00:00Z,4,ota,leisure,GB,191.11,True,P003
2022-03-11,2022-01-26T00:00:00Z,1,ota,leisure,CA,160.79,False,P003
2022-03-11,2022-02-13T00:00:00Z,4,direct,leisure,CA,139.11,False,P003
2022-03-11,2022-03-06T00:00:00Z,4,direct,leisure,GB,146.29,False,P003
2022-03-11,2022-03-08T00:00:00Z,4,direct,business,US,199.92,False,P003
2022-03-11,2022-03-02T00:00:00Z,4,direct,leisure,MX,219.64,False,P003
2022-03-11,2022-02-13T00:00:00Z,4,ota,business,CA,127.36,False,P003
2022-03-11,2022-03-07T00:00:00Z,2,direct,business,GB,169.71,False,P003
2022-03-11,2022-02-25T00:00:00Z,6,direct,leisure,US,131.08,False,P003
2022-03-12,2022-02-27T00:00:00Z,5,ota,business,CA,143.54,False,P003
2022-03-12,2022-03-01T00:00:00Z,4,ota,leisure,MX,108.02,False,P003
2022-03-12,2022-03-05T00:00:00Z,2,ota,leisure,US,218.66,False,P003
2022-03-12,2022-03-10T00:00:00Z,1,ota,leisure,DE,155.52,False,P003
2022-03-12,2022-02-19T00:00:00Z,3,direct,business,US,137.49,False,P003
2022-03-12,2022-02-07T00:00:00Z,7,ota,business,MX,150.34,False,P003
2022-03-12,2022-01-11T00:00:00Z,1,ota,business,US,146.69,False,P003
2022-03-12,2022-03-07T00:00:00Z,4,ota,leisure,DE,115.91,False,P003
2022-03-13,2022-02-26T00:00:00Z,3,direct,leisure,DE,162.25,False,P003
2022-03-13,2022-02-25T00:00:00Z,2,direct,leisure,GB,172.43,False,P003
2022-03-13,2022-02-13T00:00:00Z,5,direct,leisure,GB,110.31,False,P003
2022-03-13,2022-03-05T00:00:00Z,2,direct,leisure,US,185.35,False,P003
2022-03-13,2022-01-30T00:00:00Z,4,direct,business,CA,142.42,False,P003
2022-03-13,2022-02-14T00:00:00Z,4,ota,business,GB,179.77,False,P003
2022-03-13,2022-03-10T00:00:00Z,2,direct,leisure,CA,117.61,True,P003
2022-03-13,2022-01-15T00:00:00Z,2,direct,leisure,GB,157.69,False,P003
2022-03-13,2022-03-02T00:00:00Z,1,ota,leisure,CA,144.45,False,P003
2022-03-13,2022-02-19T00:00:00Z,4,direct,leisure,MX,140.79,False,P003
2022-03-13,2022-01-21T00:00:00Z,6,direct,leisure,DE,136.18,False,P003
2022-03-13,2022-02-19T00:00:00Z,4,direct,business,GB,136.92,False,P003
2022-03-13,2022-02-07T00:00:00Z,4,direct,business,DE,168.69,False,P003
2022-03-13,2022-02-18T00:00:00Z,5,direct,leisure,MX,158.8,False,P003
2022-03-13,2022-01-23T00:00:00Z,1,direct,business,US,199.68,False,P003
2022-03-13,2022-03-11T00:00:00Z,1,direct,leisure,GB,179.73,False,P003
2022-03-14,2022-02-18T00:00:00Z,3,direct,business,CA,135.58,False,P003
2022-03-14,2022-03-09T00:00:00Z,3,direct,business,GB,172.79,False,P003
2022-03-14,2022-03-07T00:00:00Z,5,ota,leisure,MX,129.02,False,P003
2022-03-14,2022-03-07T00:00:00Z,4,ota,leisure,US,149.69,False,P003
2022-03-14,2022-02-15T00:00:00Z,3,ota,leisure,MX,86.19,False,P003
2022-03-14,2022-03-09T00:00:00Z,5,ota,business,DE,196.75,False,P003
2022-03-14,2022-03-06T00:00:00Z,5,direct,leisure,DE,146.26,False,P003
2022-03-14,2022-02-11T00:00:00Z,2,direct,business,MX,232.01,False,P003
2022-03-14,2022-03-08T00:00:00Z,2,ota,business,GB,132.65,False,P003
2022-03-14,2022-02-08T00:00:00Z,4,ota,business,US,123.72,False,P003
2022-03-14,2022-02-05T00:00:00Z,3,ota,business,MX,156.69,False,P003
2022-03-14,2022-03-11T00:00:00Z,2,ota,leisure,GB,143.65,False,P003
2022-03-14,2022-02-09T00:00:00Z,8,direct,business,MX,157.13,True,P003
2022-03-14,2022-01-26T00:00:00Z,5,direct,leisure,CA,163.3,False,P003
2022-03-14,2022-03-11T00:00:00Z,7,ota,business,MX,118.37,False,P003
2022-03-14,2022-03-01T00:00:00Z,2,direct,business,CA,154.94,False,P003
2022-03-14,2022-01-13T00:00:00Z,1,direct,leisure,CA,147.98,False,P003
2022-03-15,2022-03-11T00:00:00Z,2,ota,leisure,DE,169.25,False,P003
2022-03-15,2022-02-20T00:00:00Z,2,direct,leisure,GB,141.28,False,P003
2022-03-15,2022-03-10T00:00:00Z,2,direct,leisure,CA,195.12,False,P003
2022-03-15,2022-01-14T00:00:00Z,1,direct,leisure,CA,172.69,False,P003
2022-03-15,2022-03-11T00:00:00Z,1,direct,leisure,US,202.26,False,P003
2022-03-15,2022-03-10T00:00:00Z,2,direct,leisure,CA,102.11,False,P003
2022-03-15,2022-02-12T00:00:00Z,5,direct,leisure,GB,139.35,False,P003
2022-03-15,2022-01-21T00:00:00Z,1,direct,leisure,DE,141.74,True,P003
2022-03-15,2022-01-14T00:00:00Z,1,direct,leisure,CA,210.02,False,P003
2022-03-15,2022-03-08T00:00:00Z,3,ota,leisure,US,78.82,False,P003
2022-03-15,2022-03-10T00:00:00Z,3,ota,leisure,CA,137.52,False,P003
2022-03-16,2022-02-08T00:00:00Z,3,ota,leisure,MX,123.01,False,P003
2022-03-16,2022-03-09T00:00:00Z,3,direct,business,GB,143.71,True,P003
2022-03-16,2022-02-07T00:00:00Z,1,ota,leisure,GB,170.21,False,P003
2022-03-16,2022-02-25T00:00:00Z,2,direct,business,US,177.37,False,P003
2022-03-16,2022-03-07T00:00:00Z,2,direct,business,MX,181.37,False,P003
2022-03-16,2022-03-06T00:00:00Z,3,ota,leisure,DE,144.31,False,P003
2022-03-16,2022-03-07T00:00:00Z,2,ota,leisure,MX,196.19,False,P003
2022-03-16,2022-03-11T00:00:00Z,3,direct,leisure,MX,146.41,False,P003
2022-03-16,2022-03-11T00:00:00Z,1,ota,leisure,CA,173.57,False,P003
2022-03-16,2022-01-15T00:00:00Z,4,direct,business,CA,172.2,False,P003
2022-03-16,2022-02-02T00:00:00Z,3,ota,leisure,MX,132.51,True,P003
2022-03-16,2022-03-08T00:00:00Z,3,ota,leisure,CA,136.81,False,P003
2022-03-16,2022-02-20T00:00:00Z,4,ota,business,MX,159.92,False,P003
2022-03-16,2022-03-03T00:00:00Z,1,ota,business,US,148.77,False,P003
2022-03-16,2022-02-28T00:00:00Z,7,ota,business,GB,142.91,False,P003
2022-03-16,2022-03-10T00:00:00Z,3,direct,leisure,DE,164.94,False,P003
2022-03-16,2022-02-21T00:00:00Z,5,direct,leisure,US,194.32,False,P003
2022-03-16,2022-02-26T00:00:00Z,1,direct,leisure,US,180.23,False,P003
2022-03-16,2022-03-12T00:00:00Z,2,ota,business,MX,137.28,False,P003
2022-03-17,2022-03-14T00:00:00Z,3,ota,business,US,131.93,False,P003
2022-03-17,2022-02-10T00:00:00Z,5,ota,business,MX,131.52,False,P003
2022-03-17,2022-03-08T00:00:00Z,3,direct,leisure,GB,108.54,True,P003
2022-03-17,2022-01-16T00:00:00Z,2,ota,business,CA,160.43,False,P003
2022-03-17,2022-02-02T00:00:00Z,1,ota,leisure,CA,167.29,False,P003
2022-03-17,2022-02-24T00:00:00Z,3,direct,leisure,US,124.01,False,P003
2022-03-17,2022-02-26T00:00:00Z,2,ota,leisure,DE,125.75,False,P003
2022-03-17,2022-03-11T00:00:00Z,3,direct,leisure,MX,172.26,False,P003
2022-03-17,2022-01-28T00:00:00Z,5,ota,leisure,DE,149.21,False,P003
2022-03-17,2022-03-14T00:00:00Z,4,ota,business,MX,116.47,False,P003
2022-03-17,2022-03-08T00:00:00Z,2,ota,leisure,CA,189.34,True,P003
2022-03-17,2022-03-12T00:00:00Z,3,direct,leisure,CA,126.08,False,P003
2022-03-17,2022-03-11T00:00:00Z,1,ota,leisure,US,120.19,False,P003
2022-03-18,2022-02-02T00:00:00Z,2,ota,leisure,DE,144.08,False,P003
2022-03-18,2022-03-15T00:00:00Z,7,ota,business,US,188.38,True,P003
2022-03-18,2022-02-21T00:00:00Z,1,direct,business,DE,180.2,False,P003
2022-03-18,2022-03-09T00:00:00Z,1,direct,business,CA,144.42,False,P003
2022-03-18,2022-02-03T00:00:00Z,4,direct,leisure,MX,156.56,False,P003
2022-03-18,2022-03-15T00:00:00Z,2,ota,business,MX,101.37,False,P003
2022-03-18,2022-02-25T00:00:00Z,1,ota,business,MX,168.46,False,P003
2022-03-18,2022-03-13T00:00:00Z,5,direct,leisure,GB,139.88,False,P003
2022-03-18,2022-01-17T00:00:00Z,2,direct,business,CA,154.72,False,P003
2022-03-18,2022-03-09T00:00:00Z,4,ota,business,MX,121.6,False,P003
2022-03-18,2022-02-26T00:00:00Z,3,direct,business,GB,202.28,False,P003
2022-03-18,2022-01-23T00:00:00Z,1,ota,leisure,MX,179.27,True,P003
2022-03-18,2022-01-24T00:00:00Z,2,ota,leisure,DE,152.35,False,P003
2022-03-18,2022-02-10T00:00:00Z,3,ota,business,CA,183.03,False,P003
2022-03-19,2022-02-27T00:00:00Z,3,direct,business,DE,119.02,False,P003
2022-03-19,2022-03-12T00:00:00Z,2,ota,business,CA,145.55,False,P003
2022-03-19,2022-02-06T00:00:00Z,5,ota,business,DE,163.91,False,P003
2022-03-19,2022-01-25T00:00:00Z,3,direct,leisure,DE,155.93,True,P003
2022-03-19,2022-03-09T00:00:00Z,3,direct,business,CA,155.4,False,P003
2022-03-19,2022-03-13T00:00:00Z,3,ota,business,MX,179.95,False,P003
2022-03-19,2022-03-06T00:00:00Z,3,ota,business,CA,134.8,False,P003
2022-03-19,2022-02-16T00:00:00Z,2,ota,business,GB,126.62,False,P003
2022-03-19,2022-02-23T00:00:00Z,2,ota,business,GB,200.81,False,P003
2022-03-19,2022-03-03T00:00:00Z,2,ota,leisure,GB,150.94,False,P003
2022-03-19,2022-03-03T00:00:00Z,3,ota,business,MX,174.89,False,P003
2022-03-19,2022-03-07T00:00:00Z,2,direct,business,US,108.04,False,P003
2022-03-19,2022-02-26T00:00:00Z,4,direct,leisure,DE,207.36,True,P003
2022-03-19,2022-03-11T00:00:00Z,3,ota,leisure,MX,201.19,False,P003
2022-03-19,2022-03-04T00:00:00Z,1,ota,leisure,MX,188.74,True,P003
2022-03-20,2022-03-01T00:00:00Z,2,ota,leisure,MX,169.49,False,P003
2022-03-20,2022-03-04T00:00:00Z,4,ota,business,DE,133.91,False,P003
2022-03-20,2022-03-06T00:00:00Z,1,ota,leisure,DE,135.46,False,P003
2022-03-20,2022-03-13T00:00:00Z,1,direct,business,GB,167.91,False,P003
2022-03-20,2022-02-20T00:00:00Z,3,ota,leisure,DE,121.24,False,P003
2022-03-20,2022-02-10T00:00:00Z,2,direct,business,CA,97.85,False,P003
2022-03-20,2022-02-23T00:00:00Z,2,ota,business,DE,215.08,False,P003
2022-03-20,2022-02-27T00:00:00Z,5,direct,leisure,MX,165.08,False,P003
2022-03-20,2022-01-19T00:00:00Z,5,ota,business,CA,170.78,False,P003
2022-03-20,2022-02-13T00:00:00Z,2,ota,business,US,188.76,False,P003
2022-03-20,2022-03-05T00:00:00Z,3,ota,leisure,MX,118.74,False,P003
2022-03-20,2022-03-13T00:00:00Z,1,ota,leisure,US,163.32,False,P003
2022-03-20,2022-03-08T00:00:00Z,4,direct,leisure,MX,115.12,False,P003
2022-03-20,2022-03-08T00:00:00Z,1,ota,leisure,GB,184.73,False,P003
2022-03-20,2022-03-13T00:00:00Z,4,direct,leisure,GB,180.05,False,P003
2022-03-20,2022-01-31T00:00:00Z,5,ota,leisure,MX,117.99,False,P003
2022-03-20,2022-03-11T00:00:00Z,3,direct,leisure,GB,130.03,False,P003
2022-03-21,2022-03-11T00:00:00Z,1,ota,leisure,US,107.66,False,P003
2022-03-21,2022-01-31T00:00:00Z,3,ota,business,US,89.69,True,P003
2022-03-21,2022-01-20T00:00:00Z,2,ota,leisure,CA,151.0,False,P003
2022-03-21,2022-01-22T00:00:00Z,4,direct,leisure,US,139.22,False,P003
2022-03-21,2022-03-18T00:00:00Z,3,ota,business,CA,139.5,False,P003
2022-03-21,2022-03-02T00:00:00Z,3,direct,business,MX,142.66,True,P003
2022-03-21,2022-03-09T00:00:00Z,3,ota,leisure,CA,117.46,True,P003
2022-03-21,2022-03-12T00:00:00Z,3,direct,business,GB,147.06,False,P003
2022-03-21,2022-03-04T00:00:00Z,4,ota,leisure,CA,186.09,False,P003
2022-03-21,2022-01-20T00:00:00Z,3,ota,leisure,CA,113.55,False,P003
2022-03-21,2022-02-25T00:00:00Z,6,direct,business,US,130.36,False,P003
2022-03-21,2022-03-04T00:00:00Z,2,direct,business,CA,161.8,True,P003
2022-03-21,2022-03-10T00:00:00Z,4,ota,leisure,GB,147.59,False,P003
2022-03-21,2022-03-17T00:00:00Z,2,direct,leisure,DE,167.28,False,P003
2022-03-21,2022-01-20T00:00:00Z,3,ota,business,DE,97.39,False,P003
2022-03-22,2022-01-21T00:00:00Z,4,ota,business,US,137.08,False,P003
2022-03-22,2022-03-11T00:00:00Z,6,direct,leisure,US,194.96,False,P003
2022-03-22,2022-02-20T00:00:00Z,3,direct,leisure,US,164.12,False,P003
2022-03-22,2022-03-03T00:00:00Z,4,ota,business,GB,96.2,False,P003
2022-03-22,2022-03-15T00:00:00Z,6,direct,business,DE,97.39,False,P003
2022-03-22,2022-03-12T00:00:00Z,5,ota,business,US,173.82,False,P003
2022-03-22,2022-02-23T00:00:00Z,3,ota,leisure,US,115.5,False,P003
2022-03-22,2022-03-18T00:00:00Z,1,direct,business,MX,183.9,False,P003
2022-03-22,2022-03-07T00:00:00Z,3,direct,business,GB,131.15,False,P003
2022-03-22,2022-03-12T00:00:00Z,5,direct,leisure,US,188.93,False,P003
2022-03-22,2022-02-05T00:00:00Z,2,direct,leisure,CA,130.34,True,P003
2022-03-23,2022-02-18T00:00:00Z,3,ota,business,CA,183.27,False,P003
2022-03-23,2022-02-23T00:00:00Z,2,ota,business,DE,186.38,False,P003
2022-03-23,2022-03-14T00:00:00Z,5,direct,leisure,CA,154.84,False,P003
2022-03-23,2022-03-13T00:00:00Z,2,direct,business,GB,162.0,False,P003
2022-03-23,2022-03-19T00:00:00Z,2,ota,leisure,DE,156.81,False,P003
2022-03-23,2022-01-22T00:00:00Z,1,direct,leisure,GB,122.15,False,P003
2022-03-23,2022-01-22T00:00:00Z,2,direct,leisure,MX,169.94,True,P003
2022-03-23,2022-03-05T00:00:00Z,5,ota,business,DE,70.26,False,P003
2022-03-23,2022-02-12T00:00:00Z,2,direct,business,MX,169.36,False,P003
2022-03-23,2022-03-16T00:00:00Z,3,ota,leisure,DE,158.5,True,P003
2022-03-23,2022-03-20T00:00:00Z,1,direct,business,MX,152.13,False,P003
2022-03-23,2022-03-20T00:00:00Z,3,direct,business,GB,140.58,False,P003
2022-03-24,2022-01-23T00:00:00Z,1,direct,business,MX,98.48,False,P003
2022-03-24,2022-02-17T00:00:00Z,2,direct,leisure,CA,122.52,False,P003
2022-03-24,2022-02-23T00:00:00Z,3,ota,leisure,GB,147.8,False,P003
2022-03-24,2022-02-25T00:00:00Z,4,ota,business,CA,134.55,False,P003
2022-03-24,2022-02-26T00:00:00Z,5,ota,leisure,DE,219.81,False,P003
2022-03-24,2022-01-23T00:00:00Z,2,direct,leisure,DE,130.33,False,P003
2022-03-24,2022-02-19T00:00:00Z,5,ota,business,US,151.95,False,P003
2022-03-24,2022-03-17T00:00:00Z,6,ota,leisure,US,151.02,False,P003
2022-03-24,2022-02-15T00:00:00Z,2,direct,business,US,140.55,False,P003
2022-03-24,2022-01-23T00:00:00Z,1,ota,business,MX,202.05,True,P003
2022-03-24,2022-03-21T00:00:00Z,1,ota,business,GB,154.55,False,P003
2022-03-24,2022-02-27T00:00:00Z,4,direct,leisure,GB,194.51,True,P003
2022-03-24,2022-01-23T00:00:00Z,4,ota,business,GB,202.99,False,P003
2022-03-24,2022-02-23T00:00:00Z,2,ota,leisure,US,158.72,False,P003
2022-03-25,2022-03-18T00:00:00Z,3,ota,business,GB,83.96,True,P003
2022-03-25,2022-03-07T00:00:00Z,3,ota,business,GB,229.87,False,P003
2022-03-25,2022-03-18T00:00:00Z,3,direct,business,US,122.45,False,P003
2022-03-25,2022-03-09T00:00:00Z,2,direct,leisure,US,145.97,False,P003
2022-03-25,2022-03-02T00:00:00Z,3,direct,business,CA,110.31,False,P003
2022-03-25,2022-02-12T00:00:00Z,8,ota,business,DE,139.32,False,P003
2022-03-25,2022-03-09T00:00:00Z,6,direct,business,CA,139.24,True,P003
2022-03-25,2022-01-28T00:00:00Z,1,ota,leisure,US,120.12,False,P003
2022-03-25,2022-03-02T00:00:00Z,3,ota,business,US,160.76,False,P003
2022-03-25,2022-03-19T00:00:00Z,2,direct,leisure,CA,169.0,False,P003
2022-03-25,2022-03-14T00:00:00Z,3,ota,business,GB,159.56,False,P003
2022-03-25,2022-03-17T00:00:00Z,1,direct,business,MX,148.39,False,P003
2022-03-25,2022-03-20T00:00:00Z,5,direct,business,DE,161.11,True,P003
2022-03-25,2022-02-26T00:00:00Z,2,direct,leisure,CA,144.5,False,P003
2022-03-25,2022-01-24T00:00:00Z,2,ota,leisure,MX,148.89,True,P003
2022-03-25,2022-03-22T00:00:00Z,2,ota,business,MX,167.33,False,P003
2022-03-25,2022-03-11T00:00:00Z,3,direct,business,CA,203.16,False,P003
2022-03-25,2022-03-04T00:00:00Z,3,ota,leisure,DE,164.7,False,P003
2022-03-25,2022-03-08T00:00:00Z,1,ota,leisure,GB,153.09,False,P003
2022-03-25,2022-03-19T00:00:00Z,3,direct,leisure,DE,122.81,True,P003
2022-03-25,2022-03-22T00:00:00Z,3,ota,business,GB,137.7,False,P003
2022-03-26,2022-03-18T00:00:00Z,2,ota,business,GB,200.33,False,P003
2022-03-26,2022-03-18T00:00:00Z,1,ota,leisure,CA,137.7,False,P003
2022-03-26,2022-01-31T00:00:00Z,2,ota,business,GB,160.71,False,P003
2022-03-26,2022-03-23T00:00:00Z,1,direct,leisure,DE,151.28,False,P003
2022-03-26,2022-03-21T00:00:00Z,4,direct,business,DE,192.31,False,P003
2022-03-26,2022-02-21T00:00:00Z,1,ota,leisure,DE,158.81,True,P003
2022-03-26,2022-03-19T00:00:00Z,4,ota,business,CA,198.01,True,P003
2022-03-26,2022-03-16T00:00:00Z,2,direct,business,GB,154.78,False,P003
2022-03-27,2022-01-26T00:00:00Z,6,ota,leisure,DE,204.55,False,P003
2022-03-27,2022-03-20T00:00:00Z,3,direct,business,MX,135.1,False,P003
2022-03-27,2022-02-03T00:00:00Z,2,ota,business,CA,131.89,False,P003
2022-03-27,2022-03-21T00:00:00Z,6,direct,business,MX,136.0,False,P003
2022-03-27,2022-02-09T00:00:00Z,1,ota,business,DE,195.32,False,P003
2022-03-27,2022-03-19T00:00:00Z,5,direct,leisure,US,147.14,False,P003
2022-03-27,2022-02-18T00:00:00Z,3,ota,leisure,DE,127.02,True,P003
2022-03-27,2022-01-26T00:00:00Z,3,direct,business,MX,109.81,True,P003
2022-03-27,2022-02-18T00:00:00Z,1,ota,leisure,US,183.06,False,P003
2022-03-27,2022-03-18T00:00:00Z,4,direct,business,GB,169.33,False,P003
2022-03-27,2022-03-02T00:00:00Z,2,direct,leisure,US,145.16,True,P003
2022-03-27,2022-02-03T00:00:00Z,1,ota,business,DE,205.33,False,P003
2022-03-28,2022-03-22T00:00:00Z,5,direct,leisure,GB,229.56,False,P003
2022-03-28,2022-03-24T00:00:00Z,3,ota,leisure,CA,204.27,False,P003
2022-03-28,2022-02-03T00:00:00Z,2,ota,leisure,MX,191.1,False,P003
2022-03-28,2022-02-13T00:00:00Z,2,ota,leisure,DE,130.73,True,P003
2022-03-28,2022-01-27T00:00:00Z,5,ota,business,MX,172.36,False,P003
2022-03-28,2022-03-12T00:00:00Z,1,direct,leisure,DE,133.08,False,P003
2022-03-28,2022-03-06T00:00:00Z,2,ota,leisure,GB,215.36,True,P003
2022-03-28,2022-03-24T00:00:00Z,3,direct,business,CA,189.56,False,P003
2022-03-28,2022-03-24T00:00:00Z,3,direct,business,GB,156.66,False,P003
2022-03-28,2022-02-18T00:00:00Z,2,direct,business,MX,144.89,True,P003
2022-03-28,2022-02-24T00:00:00Z,2,direct,business,US,162.6,False,P003
2022-03-28,2022-03-08T00:00:00Z,2,direct,leisure,DE,194.78,False,P003
2022-03-28,2022-03-23T00:00:00Z,3,direct,business,DE,127.48,False,P003
2022-03-28,2022-03-24T00:00:00Z,3,ota,business,MX,163.81,False,P003
2022-03-28,2022-03-23T00:00:00Z,9,direct,business,US,170.68,False,P003
2022-03-28,2022-03-10T00:00:00Z,3,ota,business,MX,130.75,False,P003
2022-03-28,2022-03-16T00:00:00Z,4,direct,leisure,US,130.67,False,P003
2022-03-28,2022-03-22T00:00:00Z,1,ota,leisure,DE,142.92,False,P003
2022-03-29,2022-01-28T00:00:00Z,4,ota,business,US,151.07,False,P003
2022-03-29,2022-01-28T00:00:00Z,4,direct,business,GB,183.35,False,P003
2022-03-29,2022-03-01T00:00:00Z,2,ota,leisure,MX,145.89,True,P003
2022-03-29,2022-03-09T00:00:00Z,1,ota,leisure,MX,159.16,False,P003
2022-03-29,2022-03-24T00:00:00Z,3,ota,business,DE,176.38,False,P003
2022-03-29,2022-03-15T00:00:00Z,6,ota,leisure,DE,94.49,False,P003
2022-03-29,2022-02-28T00:00:00Z,5,ota,leisure,CA,134.11,False,P003
2022-03-29,2022-03-23T00:00:00Z,2,ota,business,DE,133.58,False,P003
2022-03-29,2022-03-26T00:00:00Z,2,direct,leisure,US,164.54,False,P003
2022-03-29,2022-03-23T00:00:00Z,5,direct,business,DE,164.6,False,P003
2022-03-29,2022-03-27T00:00:00Z,3,ota,leisure,US,181.01,False,P003
2022-03-29,2022-03-23T00:00:00Z,1,ota,business,MX,103.31,False,P003
2022-03-29,2022-03-25T00:00:00Z,4,ota,business,US,173.77,False,P003
2022-03-29,2022-03-11T00:00:00Z,5,direct,leisure,US,149.68,False,P003
2022-03-29,2022-03-21T00:00:00Z,6,ota,business,MX,149.21,False,P003
2022-03-30,2022-03-20T00:00:00Z,3,direct,business,US,150.72,False,P003
2022-03-30,2022-03-27T00:00:00Z,1,ota,leisure,GB,123.51,False,P003
2022-03-30,2022-03-25T00:00:00Z,2,ota,leisure,DE,132.47,False,P003
2022-03-30,2022-03-21T00:00:00Z,6,direct,business,MX,185.92,False,P003
2022-03-30,2022-02-19T00:00:00Z,2,ota,business,MX,157.47,False,P003
2022-03-30,2022-03-23T00:00:00Z,4,ota,leisure,CA,127.73,True,P003
2022-03-30,2022-03-22T00:00:00Z,4,ota,business,US,130.57,False,P003
2022-03-30,2022-02-10T00:00:00Z,2,ota,business,MX,124.71,False,P003
2022-03-30,2022-01-29T00:00:00Z,3,direct,leisure,MX,142.21,False,P003
2022-03-30,2022-02-02T00:00:00Z,1,direct,leisure,US,139.27,True,P003
2022-03-31,2022-03-23T00:00:00Z,1,direct,business,GB,158.9,False,P003
2022-03-31,2022-03-22T00:00:00Z,1,ota,business,CA,146.7,False,P003
2022-03-31,2022-02-16T00:00:00Z,5,ota,leisure,US,202.93,False,P003
2022-03-31,2022-03-21T00:00:00Z,3,ota,business,GB,190.76,False,P003
2022-03-31,2022-03-21T00:00:00Z,2,ota,business,US,121.09,False,P003
2022-03-31,2022-02-19T00:00:00Z,1,ota,business,GB,159.69,False,P003
2022-03-31,2022-03-27T00:00:00Z,1,direct,business,DE,98.52,False,P003
2022-03-31,2022-03-26T00:00:00Z,3,direct,business,GB,182.82,False,P003
2022-03-31,2022-03-03T00:00:00Z,2,ota,leisure,CA,179.15,False,P003
